CODIGO POSTAL;LOCALIDAD;PROVINCIA;MUNICIPIO;SUBDIVISION;LATITUD;LONGITUD;EXACTITUD
35001;Las Palmas De Gran Canaria;Las Palmas;Las Palmas de Gran Canaria;35016;280997;-154134;1
35002;Las Palmas De Gran Canaria;Las Palmas;Las Palmas de Gran Canaria;35016;280997;-154134;1
35003;Las Palmas De Gran Canaria;Las Palmas;Las Palmas de Gran Canaria;35016;280997;-154134;4
35004;Las Palmas De Gran Canaria;Las Palmas;Las Palmas de Gran Canaria;35016;280997;-154134;4
35005;Las Palmas De Gran Canaria;Las Palmas;Las Palmas de Gran Canaria;35016;280997;-154134;1
35006;Las Palmas De Gran Canaria;Las Palmas;Las Palmas de Gran Canaria;35016;280997;-154134;1
35007;Las Palmas De Gran Canaria;Las Palmas;Las Palmas de Gran Canaria;35016;280997;-154134;4
35008;Las Palmas De Gran Canaria;Las Palmas;Las Palmas de Gran Canaria;35016;280997;-154134;1
35009;Las Palmas De Gran Canaria;Las Palmas;Las Palmas de Gran Canaria;35016;280997;-154134;1
35010;Las Palmas De Gran Canaria;Las Palmas;Las Palmas de Gran Canaria;35016;280997;-154134;4
35011;Las Palmas De Gran Canaria;Las Palmas;Las Palmas de Gran Canaria;35016;280944;-154591;1
35012;Las Palmas De Gran Canaria;Las Palmas;Las Palmas de Gran Canaria;35016;280944;-154591;1
35013;Las Palmas De Gran Canaria;Las Palmas;Las Palmas de Gran Canaria;35016;280944;-154591;1
35014;Las Palmas De Gran Canaria;Las Palmas;Las Palmas de Gran Canaria;35016;280997;-154134;4
35015;La Matula;Las Palmas;Las Palmas de Gran Canaria;35016;280997;-154134;3
35015;Las Palmas De Gran Canaria;Las Palmas;Las Palmas de Gran Canaria;35016;280997;-154134;4
35016;Las Palmas De Gran Canaria;Las Palmas;Las Palmas de Gran Canaria;35016;280944;-154591;1
35017;Los Hoyos (Las Palmas De G.C.);Las Palmas;Las Palmas de Gran Canaria;35016;280997;-154134;4
35017;Las Palmas De Gran Canaria;Las Palmas;Las Palmas de Gran Canaria;35016;280901;-155054;3
35017;Llanos De Maria Ribera;Las Palmas;Las Palmas de Gran Canaria;35016;280901;-155054;3
35017;Monte Luz;Las Palmas;Las Palmas de Gran Canaria;35016;280901;-155054;3
35017;La Montañeta (Las Palmas);Las Palmas;Las Palmas de Gran Canaria;35016;280901;-155054;3
35017;El Sabinal;Las Palmas;Las Palmas de Gran Canaria;35016;280901;-155054;3
35017;Lomo Blanco (Las Palmas);Las Palmas;Las Palmas de Gran Canaria;35016;280901;-155054;3
35017;Pico Viento;Las Palmas;Las Palmas de Gran Canaria;35016;280751;-154457;4
35017;Siete Puertas;Las Palmas;Las Palmas de Gran Canaria;35016;280601;-154799;3
35017;Dragonal Alto;Las Palmas;Las Palmas de Gran Canaria;35016;280636;-154659;3
35017;Dragonal Bajo;Las Palmas;Las Palmas de Gran Canaria;35016;280693;-154626;3
35017;Tafira Baja;Las Palmas;Las Palmas de Gran Canaria;35016;280686;-154523;4
35017;La Calzada;Las Palmas;Las Palmas de Gran Canaria;35016;280585;-154702;3
35018;San Lorenzo;Las Palmas;Las Palmas de Gran Canaria;35016;280752;-154761;4
35018;La Galera;Las Palmas;Las Palmas de Gran Canaria;35016;281011;-154824;3
35018;Tamaraceite;Las Palmas;Las Palmas de Gran Canaria;35016;280997;-154735;4
35018;Almatriche Bajo;Las Palmas;Las Palmas de Gran Canaria;35016;280911;-1546;3
35018;El Pintor;Las Palmas;Las Palmas de Gran Canaria;35016;28074;-154907;3
35018;Almatriche Alto;Las Palmas;Las Palmas de Gran Canaria;35016;280818;-154628;3
35018;Piletas;Las Palmas;Las Palmas de Gran Canaria;35016;280928;-154865;3
35018;La Milagrosa;Las Palmas;Las Palmas de Gran Canaria;35016;2806;-155043;3
35018;Las Perreras;Las Palmas;Las Palmas de Gran Canaria;35016;281015;-15462;3
35018;La Suerte;Las Palmas;Las Palmas de Gran Canaria;35016;280953;-154824;3
35018;El Cortijo (Tamaraceite);Las Palmas;Las Palmas de Gran Canaria;35016;280989;-154722;4
35018;Lomo Los Frailes;Las Palmas;Las Palmas de Gran Canaria;35016;280936;-154586;3
35018;Las Mesas Altas;Las Palmas;Las Palmas de Gran Canaria;35016;280936;-154586;3
35018;El Sardo;Las Palmas;Las Palmas de Gran Canaria;35016;280936;-154586;3
35018;Las Palmas De Gran Canaria;Las Palmas;Las Palmas de Gran Canaria;35016;280936;-154586;3
35018;Hoya Andrea;Las Palmas;Las Palmas de Gran Canaria;35016;280913;-154617;3
35018;Las Majadillas;Las Palmas;Las Palmas de Gran Canaria;35016;280997;-154134;4
35018;Las Mesas Bajas;Las Palmas;Las Palmas de Gran Canaria;35016;280936;-154586;3
35019;Las Palmas De Gran Canaria;Las Palmas;Las Palmas de Gran Canaria;35016;280944;-154591;1
35070;Las Palmas De Gran Canaria;Las Palmas;;;280997;-154134;4
35071;Las Palmas De Gran Canaria;Las Palmas;;;280997;-154134;4
35080;Las Palmas De Gran Canaria;Las Palmas;;;280997;-154134;4
35100;Maspalomas;Las Palmas;San Bartolomé de Tirajana;35019;277373;-155957;4
35100;Las Meloneras;Las Palmas;San Bartolomé de Tirajana;35019;277434;-156072;4
35100;Campo Internacional;Las Palmas;San Bartolomé de Tirajana;35019;277544;-155914;4
35100;San Fernando (Maspalomas);Las Palmas;San Bartolomé de Tirajana;35019;277596;-155969;4
35100;Costa Meloneras (Urbanizacion);Las Palmas;San Bartolomé de Tirajana;35019;277576;-155841;3
35100;Bahia Feliz (Urbanizacion);Las Palmas;San Bartolomé de Tirajana;35019;277576;-155841;3
35100;Sonneland (Urbanizacion);Las Palmas;San Bartolomé de Tirajana;35019;277576;-155841;3
35100;Cañon Del Aguila;Las Palmas;San Bartolomé de Tirajana;35019;277576;-155841;3
35100;Playa Del Aguila;Las Palmas;San Bartolomé de Tirajana;35019;277576;-155841;3
35100;San Agustin;Las Palmas;San Bartolomé de Tirajana;35019;27771;-155347;4
35100;Playa Del Ingles;Las Palmas;San Bartolomé de Tirajana;35019;277567;-155787;4
35106;Pasito Blanco;Las Palmas;San Bartolomé de Tirajana;35019;277479;-156241;4
35106;Pedrazo Alto;Las Palmas;San Bartolomé de Tirajana;35019;277477;-156261;3
35106;El Salobre;Las Palmas;San Bartolomé de Tirajana;35019;277849;-156333;4
35106;Montaña De La Arena;Las Palmas;San Bartolomé de Tirajana;35019;277607;-156165;3
35106;Lomo De Pedro Afonso;Las Palmas;San Bartolomé de Tirajana;35019;277607;-156165;3
35106;Pedrazo Bajo;Las Palmas;San Bartolomé de Tirajana;35019;277607;-156165;3
35106;Calderin;Las Palmas;San Bartolomé de Tirajana;35019;277607;-156165;3
35106;El Llanillo;Las Palmas;San Bartolomé de Tirajana;35019;277607;-156165;3
35106;Montaña Blanca (Maspalomas);Las Palmas;San Bartolomé de Tirajana;35019;277596;-155969;4
35107;Juan Grande;Las Palmas;San Bartolomé de Tirajana;35019;278076;-154723;4
35107;Tarajalillo (Juan Grande);Las Palmas;San Bartolomé de Tirajana;35019;278085;-15472;4
35107;Castillo Del Romeral;Las Palmas;San Bartolomé de Tirajana;35019;277996;-154608;4
35107;Las Salinas Del Matorral;Las Palmas;San Bartolomé de Tirajana;35019;278055;-154683;3
35107;Berriel;Las Palmas;San Bartolomé de Tirajana;35019;278055;-154683;3
35107;Agadir;Las Palmas;San Bartolomé de Tirajana;35019;278055;-154683;3
35107;El Morrete;Las Palmas;San Bartolomé de Tirajana;35019;278055;-154683;3
35107;La Florida (San Bartolome De Tirajana);Las Palmas;San Bartolomé de Tirajana;35019;278055;-154683;3
35107;Los Rodeos (San Bartolome De Tirajana);Las Palmas;San Bartolomé de Tirajana;35019;278055;-154683;3
35107;Lomo Del Moral;Las Palmas;San Bartolomé de Tirajana;35019;278055;-154683;3
35107;El Matorral (San Bartolome De Tirajana);Las Palmas;San Bartolomé de Tirajana;35019;278055;-154683;3
35108;Los Cercados (San Bartolome Tirajana);Las Palmas;San Bartolomé de Tirajana;35019;278872;-155645;3
35108;Fataga;Las Palmas;San Bartolomé de Tirajana;35019;278869;-155643;4
35108;Los Hortigones;Las Palmas;San Bartolomé de Tirajana;35019;278872;-155645;3
35108;Los Caserones De Fataga;Las Palmas;San Bartolomé de Tirajana;35019;278872;-155645;3
35108;Arteara;Las Palmas;San Bartolomé de Tirajana;35019;278872;-155645;3
35109;Montaña La Data;Las Palmas;San Bartolomé de Tirajana;35019;277596;-155969;3
35109;Monte Leon (Urbanizacion);Las Palmas;San Bartolomé de Tirajana;35019;277596;-155969;3
35109;La Mimbre;Las Palmas;San Bartolomé de Tirajana;35019;277596;-155969;3
35109;Lomo De Perera;Las Palmas;San Bartolomé de Tirajana;35019;277596;-155969;3
35109;Las Tederas;Las Palmas;San Bartolomé de Tirajana;35019;277596;-155969;3
35109;Media Fanega;Las Palmas;San Bartolomé de Tirajana;35019;277596;-155969;3
35109;Palmitos Park;Las Palmas;San Bartolomé de Tirajana;35019;277596;-155969;3
35109;El Tablero (Maspalomas);Las Palmas;San Bartolomé de Tirajana;35019;277596;-155969;4
35109;Los Palmitos (Maspalomas);Las Palmas;San Bartolomé de Tirajana;35019;277596;-155969;4
35109;Ayagaures;Las Palmas;San Bartolomé de Tirajana;35019;278451;-156079;3
35109;Lomo Gordo;Las Palmas;San Bartolomé de Tirajana;35019;277802;-156018;3
35110;Vecindario;Las Palmas;Santa Lucía de Tirajana;35022;278496;-154405;4
35110;Casa Pastores;Las Palmas;Santa Lucía de Tirajana;35022;278517;-154521;3
35110;San Rafael;Las Palmas;Santa Lucía de Tirajana;35022;278455;-154424;3
35110;Orilla Baja;Las Palmas;Santa Lucía de Tirajana;35022;278461;-154649;3
35110;El Doctoral;Las Palmas;Santa Lucía de Tirajana;35022;278347;-154501;3
35110;La Blanca;Las Palmas;Santa Lucía de Tirajana;35022;278525;-154614;3
35110;La Vereda;Las Palmas;Santa Lucía de Tirajana;35022;278548;-154329;3
35110;La Cerruda;Las Palmas;Santa Lucía de Tirajana;35022;278463;-154455;3
35110;Los Llanos (Santa Lucia De Tirajana);Las Palmas;Santa Lucía de Tirajana;35022;278464;-154445;3
35110;Barranquillo De Sardina;Las Palmas;Santa Lucía de Tirajana;35022;278464;-154445;3
35110;El Canario (Vecindario);Las Palmas;Santa Lucía de Tirajana;35022;278464;-154445;4
35110;San Pedro Martir;Las Palmas;Santa Lucía de Tirajana;35022;278464;-154445;3
35110;Cruce De Sardina Del Sur;Las Palmas;Santa Lucía de Tirajana;35022;278464;-154445;3
35110;Hoya Pavon;Las Palmas;Santa Lucía de Tirajana;35022;278464;-154445;3
35110;La Paredilla;Las Palmas;Santa Lucía de Tirajana;35022;278464;-154445;3
35110;Balos;Las Palmas;Santa Lucía de Tirajana;35022;278464;-154445;3
35110;Camino La Madera;Las Palmas;Santa Lucía de Tirajana;35022;278464;-154445;3
35110;La Union;Las Palmas;Santa Lucía de Tirajana;35022;278464;-154445;3
35110;Sardina Del Sur (Vecindario);Las Palmas;Santa Lucía de Tirajana;35022;278464;-154445;4
35118;Cruce De Arinaga;Las Palmas;Agüimes;35002;278766;-15428;4
35118;Arinaga;Las Palmas;Agüimes;35002;278766;-15428;4
35118;Las Rosas (Agüimes);Las Palmas;Agüimes;35002;279054;-154461;4
35118;La Goleta (Aguimes);Las Palmas;Agüimes;35002;279054;-154461;4
35118;Montaña De San Francisco;Las Palmas;Agüimes;35002;278939;-154388;3
35118;Poligono Industrial De Arinaga;Las Palmas;Agüimes;35002;278939;-154388;3
35118;Pie De La Cuesta (Agüimes);Las Palmas;Agüimes;35002;279054;-154461;4
35119;Aldea Blanca;Las Palmas;San Bartolomé de Tirajana;35019;278417;-15475;4
35119;Pozo Izquierdo;Las Palmas;San Bartolomé de Tirajana;35019;278277;-154242;4
35119;Barranquillo (Santa Lucia De Tirajana);Las Palmas;San Bartolomé de Tirajana;35019;278335;-154489;3
35119;Casa Santa;Las Palmas;San Bartolomé de Tirajana;35019;278335;-154489;3
35120;La Cornisa (Urbanizacion);Las Palmas;Mogán;35012;277565;-156808;3
35120;Cornisa Del Suroeste;Las Palmas;Mogán;35012;277565;-156808;3
35120;La Charca (Arguineguin);Las Palmas;Mogán;35012;277565;-156808;4
35120;Arguineguin;Las Palmas;Mogán;35012;277565;-156808;4
35128;El Pajar;Las Palmas;San Bartolomé de Tirajana;35019;277548;-156716;3
35128;El Horno;Las Palmas;San Bartolomé de Tirajana;35019;278463;-156629;3
35128;Soria;Las Palmas;San Bartolomé de Tirajana;35019;279064;-156697;4
35128;El Vento;Las Palmas;San Bartolomé de Tirajana;35019;279066;-156694;3
35128;Las Filipinas;Las Palmas;San Bartolomé de Tirajana;35019;279066;-156694;3
35128;Chira;Las Palmas;San Bartolomé de Tirajana;35019;279066;-156694;3
35128;Santa Agueda;Las Palmas;San Bartolomé de Tirajana;35019;279066;-156694;3
35128;Las Crucitas (San Bartolome De Tirajana);Las Palmas;San Bartolomé de Tirajana;35019;279066;-156694;3
35128;Lomo Galeon;Las Palmas;San Bartolomé de Tirajana;35019;279066;-156694;3
35128;Barranquillo Andres;Las Palmas;San Bartolomé de Tirajana;35019;279066;-156694;3
35128;Huesa Bermeja;Las Palmas;San Bartolomé de Tirajana;35019;279066;-156694;3
35128;Cercados De Espino;Las Palmas;San Bartolomé de Tirajana;35019;279066;-156694;3
35128;Los Peñones (Mogan);Las Palmas;San Bartolomé de Tirajana;35019;279066;-156694;3
35128;El Caidero;Las Palmas;San Bartolomé de Tirajana;35019;279066;-156694;3
35129;Los Caideros (Urbanizacion);Las Palmas;Mogán;35012;277699;-156896;3
35129;Barranco De La Verga;Las Palmas;Mogán;35012;277699;-156896;3
35129;Balito;Las Palmas;Mogán;35012;277757;-156962;3
35129;Barranco Balito;Las Palmas;Mogán;35012;277699;-156896;3
35129;Patalavaca;Las Palmas;Mogán;35012;277706;-156882;4
35129;Aquamarina;Las Palmas;Mogán;35012;277726;-156913;3
35129;Los Canarios;Las Palmas;Mogán;35012;277687;-156841;3
35130;El Motor Grande;Las Palmas;Mogán;35012;27799;-156969;3
35130;El Chaparral (Puerto Rico);Las Palmas;Mogán;35012;277894;-157104;4
35130;Cortadores De Puerto Rico;Las Palmas;Mogán;35012;277894;-157104;3
35130;Playa De Amadores;Las Palmas;Mogán;35012;277894;-157104;3
35130;Puerto Rico;Las Palmas;Mogán;35012;277883;-157119;4
35138;Mogan, De (Playa);Las Palmas;Mogán;35012;278179;-157654;4
35138;Taurito;Las Palmas;Mogán;35012;278163;-157511;4
35138;El Platero (Urbanizacion);Las Palmas;Mogán;35012;278162;-157594;3
35138;Playa De Tauro;Las Palmas;Mogán;35012;278162;-157594;3
35139;Lomo Quiebre;Las Palmas;Mogán;35012;278028;-157349;1
35140;Mogan (Capital Municipal);Las Palmas;Mogán;35012;278099;-155637;1
35140;Los Navarros;Las Palmas;Mogán;35012;278657;-157385;1
35149;La Humbridilla;Las Palmas;Mogán;35012;278588;-157431;1
35149;Las Burrillas;Las Palmas;Mogán;35012;278099;-155637;1
35149;Tabaibales;Las Palmas;Mogán;35012;278099;-155637;1
35149;El Cercado (Mogan);Las Palmas;Mogán;35012;278099;-155637;1
35149;Casas De Veneguera;Las Palmas;Mogán;35012;278099;-155637;1
35149;La Rosilla;Las Palmas;Mogán;35012;278099;-155637;1
35149;Playa De Veneguera;Las Palmas;Mogán;35012;278099;-155637;1
35149;Los Llanos (Mogan);Las Palmas;Mogán;35012;278099;-155637;1
35149;Molino De Viento (Mogan);Las Palmas;Mogán;35012;278099;-155637;1
35149;Los Almacigos;Las Palmas;Mogán;35012;278099;-155637;1
35149;La Umbridilla;Las Palmas;Mogán;35012;278099;-155637;1
35149;Horno De Teja;Las Palmas;Mogán;35012;278099;-155637;1
35149;Casas Blancas (Mogan);Las Palmas;Mogán;35012;278099;-155637;1
35149;Los Pasitos (Mogan);Las Palmas;Mogán;35012;278099;-155637;1
35149;Las Casillas (Mogan);Las Palmas;Mogán;35012;278099;-155637;1
35149;El Hornillo (Mogan);Las Palmas;Mogán;35012;278099;-155637;1
35149;Pie De La Cuesta (Mogan);Las Palmas;Mogán;35012;278099;-155637;1
35200;Telde;Las Palmas;Telde;35026;279924;-154192;4
35200;San Francisco;Las Palmas;Telde;35026;280024;-154165;4
35200;San Gregorio (Telde);Las Palmas;Telde;35026;279924;-154192;4
35200;San Juan (Telde);Las Palmas;Telde;35026;279924;-154192;4
35210;Telde;Las Palmas;Telde;35026;279924;-154192;4
35210;Tara;Las Palmas;Telde;35026;280017;-154253;3
35210;Lomo De La Herradura;Las Palmas;Telde;35026;279924;-154192;3
35210;Montaña De Las Palmas;Las Palmas;Telde;35026;279924;-154192;3
35210;San Jose De Las Longueras;Las Palmas;Telde;35026;279924;-154192;3
35210;Balcon De Telde;Las Palmas;Telde;35026;279924;-154192;3
35211;La Colomba;Las Palmas;Telde;35026;279924;-154192;3
35211;Lomo-Bristol;Las Palmas;Telde;35026;279924;-154192;3
35211;Valle De Los Nueve;Las Palmas;Telde;35026;279924;-154192;3
35211;Lomo-Magullo;Las Palmas;Telde;35026;279924;-154192;3
35211;Cazadores;Las Palmas;Telde;35026;279546;-155131;3
35211;Tecen (Telde);Las Palmas;Telde;35026;279924;-154192;4
35211;Los Arenales (Telde);Las Palmas;Telde;35026;279924;-154192;4
35211;Telde;Las Palmas;Telde;35026;279924;-154192;4
35212;Telde;Las Palmas;Telde;35026;279883;-154506;1
35212;San Borondon;Las Palmas;Telde;35026;279883;-154506;1
35212;La Garita;Las Palmas;Telde;35026;279883;-154506;1
35212;La Estrella;Las Palmas;Telde;35026;280143;-153844;1
35212;Marpequeña;Las Palmas;Telde;35026;28002;-153886;1
35213;San Antonio;Las Palmas;Telde;35026;280086;-15404;3
35213;Las Remudas;Las Palmas;Telde;35026;280091;-153941;3
35213;La Pardilla;Las Palmas;Telde;35026;280158;-153906;3
35213;Telde;Las Palmas;Telde;35026;279924;-154192;4
35213;San Isidro (Telde);Las Palmas;Telde;35026;279924;-154192;4
35213;La Primavera;Las Palmas;Telde;35026;279924;-154192;3
35213;La Majadilla;Las Palmas;Telde;35026;279924;-154192;3
35214;Playa De Melenara;Las Palmas;Telde;35026;279891;-153979;3
35214;Playa De Las Clavellinas;Las Palmas;Telde;35026;279891;-153979;3
35214;Playa Del Hombre;Las Palmas;Telde;35026;279891;-153979;3
35214;Salinetas;Las Palmas;Telde;35026;279891;-153979;3
35214;Playa De Salinetas;Las Palmas;Telde;35026;279891;-153979;3
35214;Telde;Las Palmas;Telde;35026;279924;-154192;4
35214;Taliarte;Las Palmas;Telde;35026;279893;-153724;3
35214;Casas Nuevas;Las Palmas;Telde;35026;279922;-153906;3
35214;Melenara;Las Palmas;Telde;35026;279857;-153767;4
35215;Jerez (Telde);Las Palmas;Telde;35026;279924;-154192;4
35215;Frailes, Lomo Los (Telde);Las Palmas;Telde;35026;279924;-154192;4
35215;Telde;Las Palmas;Telde;35026;279924;-154192;4
35215;Cuatro Puertas;Las Palmas;Telde;35026;279591;-154219;3
35215;Lomo Cementerio;Las Palmas;Telde;35026;279924;-154192;3
35215;Las Medianias;Las Palmas;Telde;35026;279924;-154192;3
35215;Lomo Sala;Las Palmas;Telde;35026;279924;-154192;3
35215;El Calero;Las Palmas;Telde;35026;279924;-154192;3
35215;Las Huesas;Las Palmas;Telde;35026;279851;-153948;3
35215;La Viña;Las Palmas;Telde;35026;27991;-153981;3
35215;Piletillas;Las Palmas;Telde;35026;279543;-154248;3
35215;El Caracol;Las Palmas;Telde;35026;279894;-154108;3
35215;Jerez;Las Palmas;Telde;35026;279798;-154152;3
35216;Tenteniguada;Las Palmas;Valsequillo de Gran Canaria;35031;279852;-155234;4
35216;El Almendrillo;Las Palmas;Valsequillo de Gran Canaria;35031;279841;-155283;3
35216;La Suertecilla;Las Palmas;Valsequillo de Gran Canaria;35031;279838;-155006;3
35216;El Montañon;Las Palmas;Valsequillo de Gran Canaria;35031;279821;-155249;3
35216;Las Casillas (Valsequillo);Las Palmas;Valsequillo de Gran Canaria;35031;279821;-155249;3
35216;El Pedregal (Valsequillo) (Urbanizacion);Las Palmas;Valsequillo de Gran Canaria;35031;279821;-155249;3
35216;Casas Blancas (Valsequillo);Las Palmas;Valsequillo de Gran Canaria;35031;279821;-155249;3
35216;El Helechal;Las Palmas;Valsequillo de Gran Canaria;35031;279821;-155249;3
35216;La Era De La Mota;Las Palmas;Valsequillo de Gran Canaria;35031;279821;-155249;3
35216;El Troncon;Las Palmas;Valsequillo de Gran Canaria;35031;279821;-155249;3
35216;Las Vegas (Valsequillo);Las Palmas;Valsequillo de Gran Canaria;35031;279821;-155249;3
35216;Colmenar De Abajo;Las Palmas;Valsequillo de Gran Canaria;35031;279821;-155249;3
35216;Colmenar De Arriba;Las Palmas;Valsequillo de Gran Canaria;35031;279821;-155249;3
35216;El Rincon (Tenteniguada);Las Palmas;Valsequillo de Gran Canaria;35031;279821;-155249;4
35217;Las Chozas;Las Palmas;Valsequillo de Gran Canaria;35031;280013;-154843;3
35217;Cuevas Negras;Las Palmas;Valsequillo de Gran Canaria;35031;280058;-154735;3
35217;Los Llanetes;Las Palmas;Valsequillo de Gran Canaria;35031;27991;-154789;3
35217;Los Juagarzos;Las Palmas;Valsequillo de Gran Canaria;35031;279973;-155009;3
35217;Luis Verde;Las Palmas;Valsequillo de Gran Canaria;35031;279922;-154845;3
35217;La Cantera;Las Palmas;Valsequillo de Gran Canaria;35031;279985;-154823;3
35217;La Barrera;Las Palmas;Valsequillo de Gran Canaria;35031;279957;-154714;3
35217;Majuelo;Las Palmas;Valsequillo de Gran Canaria;35031;279932;-155022;4
35217;El Roque (Valsequillo);Las Palmas;Valsequillo de Gran Canaria;35031;279856;-154973;4
35217;Los Pinos (Valsequillo);Las Palmas;Valsequillo de Gran Canaria;35031;279856;-154973;4
35217;Las Casas (Valsequillo);Las Palmas;Valsequillo de Gran Canaria;35031;279856;-154973;4
35217;San Roque (Valsequillo);Las Palmas;Valsequillo de Gran Canaria;35031;279856;-154973;4
35217;Los Almendros (Urbanizacion);Las Palmas;Valsequillo de Gran Canaria;35031;279893;-155223;3
35217;Valle De San Roque;Las Palmas;Valsequillo de Gran Canaria;35031;279893;-155223;3
35217;Valsequillo (Capital Municipal);Las Palmas;Valsequillo de Gran Canaria;35031;279893;-155223;3
35217;Llanos Del Conde;Las Palmas;Valsequillo de Gran Canaria;35031;279893;-155223;3
35217;Lomitos De Correa;Las Palmas;Valsequillo de Gran Canaria;35031;279893;-155223;3
35217;Tecen De Valsequillo;Las Palmas;Valsequillo de Gran Canaria;35031;279893;-155223;3
35217;Mirabala;Las Palmas;Valsequillo de Gran Canaria;35031;279954;-15493;3
35218;Telde;Las Palmas;Telde;35026;279924;-154192;4
35218;Caserones Bajos;Las Palmas;Telde;35026;280069;-154212;3
35218;Hoya Aguedita;Las Palmas;Telde;35026;280177;-154179;3
35218;Cendro;Las Palmas;Telde;35026;280069;-154182;3
35218;La Higuera Canaria;Las Palmas;Telde;35026;280103;-154333;3
35218;Caserones Altos;Las Palmas;Telde;35026;279924;-154192;3
35218;El Palmital (Telde);Las Palmas;Telde;35026;279924;-154192;3
35218;Valle De Casares;Las Palmas;Telde;35026;279924;-154192;3
35218;Las Goteras (Telde);Las Palmas;Telde;35026;279924;-154192;3
35218;La Solana (Telde);Las Palmas;Telde;35026;279924;-154192;3
35218;Garcia Ruiz;Las Palmas;Telde;35026;279924;-154192;3
35219;Playa De Tufia;Las Palmas;Telde;35026;279711;-154067;3
35219;Ojos De Garza;Las Palmas;Telde;35026;279711;-154067;3
35219;Poligo Industrial El Goro;Las Palmas;Telde;35026;279711;-154067;3
35219;Playa Ojos De Garza;Las Palmas;Telde;35026;279711;-154067;3
35219;Poligono Salinetas;Las Palmas;Telde;35026;279711;-154067;3
35219;Telde;Las Palmas;Telde;35026;279924;-154192;4
35219;Gando;Las Palmas;Telde;35026;279455;-153861;4
35219;El Goro;Las Palmas;Telde;35026;279591;-153983;3
35220;Hornos Del Rey;Las Palmas;Las Palmas de Gran Canaria;35016;280129;-154179;3
35220;Las Palmas De Gran Canaria;Las Palmas;Las Palmas de Gran Canaria;35016;280129;-154179;3
35220;Lomo Blanco (Jinamar);Las Palmas;Las Palmas de Gran Canaria;35016;280333;-154167;4
35220;Telde;Las Palmas;Las Palmas de Gran Canaria;35016;279924;-154192;4
35220;Valle De Jinamar;Las Palmas;Las Palmas de Gran Canaria;35016;280129;-154179;3
35220;Cruz De La Gallina;Las Palmas;Las Palmas de Gran Canaria;35016;280129;-154179;3
35220;La Matanza;Las Palmas;Las Palmas de Gran Canaria;35016;280129;-154179;3
35220;Parque Empresarial Jinamar;Las Palmas;Las Palmas de Gran Canaria;35016;280129;-154179;3
35229;Santa Margarita (Urbanizacion);Las Palmas;Las Palmas de Gran Canaria;35016;280378;-15425;3
35229;Las Palmas De Gran Canaria;Las Palmas;Las Palmas de Gran Canaria;35016;280378;-15425;4
35229;Marzagan;Las Palmas;Las Palmas de Gran Canaria;35016;280378;-15425;4
35229;Mercalaspalmas;Las Palmas;Las Palmas de Gran Canaria;35016;280405;-154163;3
35229;Llanos De Cuatro Caminos;Las Palmas;Las Palmas de Gran Canaria;35016;280378;-15425;3
35230;Aeropuerto De Gran Canaria;Las Palmas;;;279936;-155125;1
35230;Base Aerea De Gando;Las Palmas;;;279936;-155125;1
35240;El Carrizal (Ingenio);Las Palmas;Ingenio;35011;279209;-154406;4
35240;El Burrero;Las Palmas;Ingenio;35011;279086;-153885;3
35250;Las Mejias;Las Palmas;Ingenio;35011;279209;-154406;3
35250;Ingenio (Capital Municipal);Las Palmas;Ingenio;35011;279209;-154406;3
35250;El Carrion;Las Palmas;Ingenio;35011;279209;-154406;3
35250;Lomo Del Hospital;Las Palmas;Ingenio;35011;279209;-154406;3
35250;El Sequero (Ingenio);Las Palmas;Ingenio;35011;279209;-154406;4
35259;El Roque (Ingenio);Las Palmas;Ingenio;35011;279209;-154406;4
35259;Las Puntillas;Las Palmas;Ingenio;35011;279219;-153962;3
35259;Los Moriscos;Las Palmas;Ingenio;35011;279391;-154082;3
35259;Las Majoreras;Las Palmas;Ingenio;35011;27919;-15401;3
35259;Marfu;Las Palmas;Ingenio;35011;279241;-15408;3
35259;Mondragon;Las Palmas;Ingenio;35011;279209;-154406;3
35259;Aguatona El Viejo;Las Palmas;Ingenio;35011;279209;-154406;3
35259;La Pasadilla;Las Palmas;Ingenio;35011;279209;-154406;3
35259;Aguatona El Nuevo;Las Palmas;Ingenio;35011;279209;-154406;3
35260;Barranco De Guayadeque;Las Palmas;Agüimes;35002;279936;-155125;1
35260;Aguimes (Capital Municipal);Las Palmas;Agüimes;35002;279936;-155125;1
35260;Cueva Bermeja;Las Palmas;Agüimes;35002;279936;-155125;1
35269;Llano Blanco;Las Palmas;Agüimes;35002;279936;-155125;1
35269;Las Palmillas (Aguimes);Las Palmas;Agüimes;35002;279936;-155125;1
35269;Montaña De Los Velez;Las Palmas;Agüimes;35002;279936;-155125;1
35269;Las Rosas Viejas;Las Palmas;Agüimes;35002;279936;-155125;1
35269;Oasis;Las Palmas;Agüimes;35002;279936;-155125;1
35269;El Eden;Las Palmas;Agüimes;35002;279936;-155125;1
35269;Vargas;Las Palmas;Agüimes;35002;279936;-155125;1
35269;La Banda;Las Palmas;Agüimes;35002;279084;-154166;1
35270;Temisas;Las Palmas;Agüimes;35002;279083;-155082;4
35280;Los Sitios;Las Palmas;San Bartolomé de Tirajana;35019;27891;-155537;4
35280;El Morisco;Las Palmas;San Bartolomé de Tirajana;35019;279246;-155549;3
35280;El Parralillo;Las Palmas;San Bartolomé de Tirajana;35019;279113;-155362;3
35280;Casas Blancas (San Bartolome De Tirajana);Las Palmas;San Bartolomé de Tirajana;35019;279191;-155547;3
35280;Santa Lucia De Tirajana (Capital Municipal);Las Palmas;San Bartolomé de Tirajana;35019;279191;-155547;3
35280;El Sitio De Abajo;Las Palmas;San Bartolomé de Tirajana;35019;279191;-155547;3
35280;Risco Blanco;Las Palmas;San Bartolomé de Tirajana;35019;279393;-155575;4
35280;Taidia;Las Palmas;San Bartolomé de Tirajana;35019;27927;-155523;4
35280;El Valle (Santa Lucia De Tirajana);Las Palmas;San Bartolomé de Tirajana;35019;279191;-155547;3
35280;La Montaña (San Bartolome De Tirajana);Las Palmas;San Bartolomé de Tirajana;35019;279191;-155547;3
35280;La Sorrueda;Las Palmas;San Bartolomé de Tirajana;35019;279191;-155547;3
35280;Parral Grande;Las Palmas;San Bartolomé de Tirajana;35019;279191;-155547;3
35280;Ciudad De Lima;Las Palmas;San Bartolomé de Tirajana;35019;279191;-155547;3
35280;Montaña De Rosiana;Las Palmas;San Bartolomé de Tirajana;35019;279191;-155547;3
35280;Rosiana;Las Palmas;San Bartolomé de Tirajana;35019;279191;-155547;3
35280;Trejo;Las Palmas;San Bartolomé de Tirajana;35019;279191;-155547;3
35280;El Mundillo;Las Palmas;San Bartolomé de Tirajana;35019;279191;-155547;3
35280;Lomito De Taidia;Las Palmas;San Bartolomé de Tirajana;35019;279191;-155547;3
35280;El Sitio De Arriba;Las Palmas;San Bartolomé de Tirajana;35019;279191;-155547;3
35280;Las Lagunas;Las Palmas;San Bartolomé de Tirajana;35019;279191;-155547;3
35280;El Ingenio (Santa Lucia De Tirajana);Las Palmas;San Bartolomé de Tirajana;35019;279191;-155547;3
35290;San Bartolome De Tirajana (Capital Municipal);Las Palmas;San Bartolomé de Tirajana;35019;282231;-1657;1
35290;Tunte;Las Palmas;San Bartolomé de Tirajana;35019;282231;-1657;1
35299;Agualatente;Las Palmas;San Bartolomé de Tirajana;35019;282231;-1657;3
35299;El Canalizo;Las Palmas;San Bartolomé de Tirajana;35019;282231;-1657;3
35299;La Culata (S.B.Tirajana);Las Palmas;San Bartolomé de Tirajana;35019;282231;-1657;3
35299;Perera;Las Palmas;San Bartolomé de Tirajana;35019;282231;-1657;3
35299;Hoya Garcia;Las Palmas;San Bartolomé de Tirajana;35019;282231;-1657;3
35299;Lomo De La Palma;Las Palmas;San Bartolomé de Tirajana;35019;282231;-1657;3
35299;Cercados De Araña;Las Palmas;San Bartolomé de Tirajana;35019;282231;-1657;3
35299;El Sequero (San Bartolome Tirajana);Las Palmas;San Bartolomé de Tirajana;35019;282231;-1657;3
35299;La Plata;Las Palmas;San Bartolomé de Tirajana;35019;283129;-1639;4
35299;Hoya De Tunte;Las Palmas;San Bartolomé de Tirajana;35019;282231;-1657;3
35299;Hoya Grande;Las Palmas;San Bartolomé de Tirajana;35019;281333;-1675;4
35300;El Estanco (Santa Brigida);Las Palmas;Santa Brígida;35021;28032;-155043;4
35300;Cuesta De La Grama;Las Palmas;Santa Brígida;35021;28032;-155043;3
35300;Los Veroles;Las Palmas;Santa Brígida;35021;280356;-154847;3
35300;Santa Brigida (Capital Municipal);Las Palmas;Santa Brígida;35021;28032;-155043;3
35300;Plaza De Doña Luisa;Las Palmas;Santa Brígida;35021;28032;-155043;3
35300;El Castaño Alto;Las Palmas;Santa Brígida;35021;28032;-155043;3
35300;San Jose De Las Vegas;Las Palmas;Santa Brígida;35021;28032;-155043;3
35300;La Montañeta (Santa Brigida);Las Palmas;Santa Brígida;35021;28032;-155043;4
35300;Cruce De La Atalaya (Santa Brigida);Las Palmas;Santa Brígida;35021;28032;-155043;4
35300;El Palmeral (Santa Brigida);Las Palmas;Santa Brígida;35021;28032;-155043;4
35300;El Castaño Bajo;Las Palmas;Santa Brígida;35021;280315;-154996;3
35300;Montebravo;Las Palmas;Santa Brígida;35021;280392;-154834;3
35300;Alternativa Uno;Las Palmas;Santa Brígida;35021;280392;-154925;3
35300;Satautejo;Las Palmas;Santa Brígida;35021;28039;-154957;3
35307;El Raso;Las Palmas;Santa Brígida;35021;28031;-154685;3
35307;Las Cordilleras;Las Palmas;Santa Brígida;35021;28032;-155043;3
35307;La Atalaya (Santa Brigida);Las Palmas;Santa Brígida;35021;28032;-155043;4
35307;El Vinculo (Santa Brigida);Las Palmas;Santa Brígida;35021;28032;-155043;4
35307;El Arco (Santa Brigida);Las Palmas;Santa Brígida;35021;28032;-155043;4
35307;Las Goteras (Santa Brigida);Las Palmas;Santa Brígida;35021;28032;-155043;4
35307;La Concepcion (Urbanizacion);Las Palmas;Santa Brígida;35021;28032;-155043;3
35307;Bandama (Urbanizacion);Las Palmas;Santa Brígida;35021;28032;-155043;3
35307;El Estanco (Atalaya De Santa Brigida);Las Palmas;Santa Brígida;35021;28032;-155043;3
35307;Cuesta La Gramma;Las Palmas;Santa Brígida;35021;28032;-155043;3
35308;Gamonal Bajo;Las Palmas;Santa Brígida;35021;28032;-155043;3
35308;El Paraiso;Las Palmas;Santa Brígida;35021;28032;-155043;3
35308;Las Brisas;Las Palmas;Santa Brígida;35021;28032;-155043;3
35308;Madroñal;Las Palmas;Santa Brígida;35021;28032;-155043;3
35308;Gamonal Alto;Las Palmas;Santa Brígida;35021;28032;-155043;3
35308;Portada Verde;Las Palmas;Santa Brígida;35021;280235;-155063;3
35308;Gran Parada;Las Palmas;Santa Brígida;35021;280225;-155108;3
35308;Gargujo;Las Palmas;Santa Brígida;35021;2803;-155074;3
35308;Hoya Bravo;Las Palmas;Santa Brígida;35021;280251;-15509;3
35308;Los Silos (Santa Brigida);Las Palmas;Santa Brígida;35021;28032;-155043;4
35308;El Lugarejo (Santa Brigida);Las Palmas;Santa Brígida;35021;28032;-155043;4
35308;Las Casas (Santa Brigida);Las Palmas;Santa Brígida;35021;28032;-155043;4
35308;El Molino (Santa Brigida);Las Palmas;Santa Brígida;35021;28032;-155043;4
35308;Las Casillas (Santa Brigida);Las Palmas;Santa Brígida;35021;28032;-155043;4
35309;El Tejar;Las Palmas;Santa Brígida;35021;280456;-154956;3
35309;La Capellania;Las Palmas;Santa Brígida;35021;28032;-155043;3
35309;Cuevas Del Guanche;Las Palmas;Santa Brígida;35021;28032;-155043;3
35309;Los Olivos;Las Palmas;Santa Brígida;35021;28032;-155043;3
35309;El Palmarejo;Las Palmas;Santa Brígida;35021;28032;-155043;3
35309;Lomo Los Ajos;Las Palmas;Santa Brígida;35021;28032;-155043;3
35309;El Santisimo;Las Palmas;Santa Brígida;35021;28032;-155043;3
35309;Lomo Espino (Santa Brigida);Las Palmas;Santa Brígida;35021;28032;-155043;4
35309;Las Cadenas;Las Palmas;Santa Brígida;35021;280365;-155009;3
35309;Las Meleguinas;Las Palmas;Santa Brígida;35021;280431;-154984;3
35309;Pino Santo Bajo;Las Palmas;Santa Brígida;35021;28041;-155131;3
35309;Las Haciendas;Las Palmas;Santa Brígida;35021;280391;-155133;3
35309;La Angostura;Las Palmas;Santa Brígida;35021;280486;-154879;3
35309;Pino Santo Alto;Las Palmas;Santa Brígida;35021;280339;-155255;3
35310;El Colegio;Las Palmas;Santa Brígida;35021;280525;-154778;3
35310;Los Alvarados;Las Palmas;Santa Brígida;35021;280425;-154788;3
35310;Monte Lentiscal;Las Palmas;Santa Brígida;35021;280489;-15472;3
35310;El Vinco (Santa Brigida);Las Palmas;Santa Brígida;35021;28032;-155043;4
35310;El Mocanal;Las Palmas;Santa Brígida;35021;28032;-155043;3
35310;El Reventon (Urbanizacion);Las Palmas;Santa Brígida;35021;28032;-155043;3
35310;Los Lentiscos (Urbanizacion);Las Palmas;Santa Brígida;35021;28032;-155043;3
35310;Cuesta El Reventon;Las Palmas;Santa Brígida;35021;28032;-155043;3
35310;Hoya Capa;Las Palmas;Santa Brígida;35021;28032;-155043;3
35310;Los Toscones;Las Palmas;Santa Brígida;35021;28032;-155043;3
35310;El Bebedero (Monte Lentiscal);Las Palmas;Santa Brígida;35021;28032;-155043;3
35319;Caldera De Bandama;Las Palmas;;;28032;-155043;1
35319;La Montañeta (Monte Lentiscal);Las Palmas;;;28032;-155043;1
35319;Fuente De Los Berros;Las Palmas;;;28032;-155043;1
35319;Las Arenillas;Las Palmas;;;280341;-154699;1
35319;Bandama;Las Palmas;;;280355;-154603;1
35320;El Solis;Las Palmas;Vega de San Mateo;35033;280089;-155333;3
35320;Vega De San Mateo;Las Palmas;Vega de San Mateo;35033;280089;-155333;4
35320;San Mateo;Las Palmas;Vega de San Mateo;35033;280089;-155333;4
35328;La Corte (San Mateo);Las Palmas;Vega de San Mateo;35033;280089;-155333;4
35328;Risco Prieto (San Mateo);Las Palmas;Vega de San Mateo;35033;280089;-155333;4
35328;Las Vegas (San Mateo);Las Palmas;Vega de San Mateo;35033;280089;-155333;4
35328;San Francisco (San Mateo);Las Palmas;Vega de San Mateo;35033;280089;-155333;4
35328;El Estanco (San Mateo);Las Palmas;Vega de San Mateo;35033;280089;-155333;4
35328;Corraletes;Las Palmas;Vega de San Mateo;35033;280296;-155396;3
35328;El Gallego;Las Palmas;Vega de San Mateo;35033;280316;-155466;3
35328;La Sequera;Las Palmas;Vega de San Mateo;35033;280238;-155662;3
35328;La Solana;Las Palmas;Vega de San Mateo;35033;280261;-155399;3
35328;Pajaritos;Las Palmas;Vega de San Mateo;35033;28017;-155726;3
35328;Las Lagunetas;Las Palmas;Vega de San Mateo;35033;280048;-155759;4
35328;Galas;Las Palmas;Vega de San Mateo;35033;280156;-155802;3
35328;El Piquillo;Las Palmas;Vega de San Mateo;35033;280339;-155366;3
35328;Lomo Carbonero;Las Palmas;Vega de San Mateo;35033;280258;-155449;3
35328;El Portillo;Las Palmas;Vega de San Mateo;35033;280034;-155733;3
35328;Utiaca;Las Palmas;Vega de San Mateo;35033;2802;-15552;3
35328;Casa Quemada;Las Palmas;Vega de San Mateo;35033;280081;-155393;3
35328;Las Pitas;Las Palmas;Vega de San Mateo;35033;280081;-155393;3
35328;La Yedra;Las Palmas;Vega de San Mateo;35033;280081;-155393;3
35328;Ariñez;Las Palmas;Vega de San Mateo;35033;280081;-155393;3
35328;Cruz De Tejeda;Las Palmas;Vega de San Mateo;35033;280081;-155393;3
35328;Cruz Del Herrero;Las Palmas;Vega de San Mateo;35033;280081;-155393;3
35328;Hoya De Los Ajos;Las Palmas;Vega de San Mateo;35033;280081;-155393;3
35328;La Solana (San Mateo);Las Palmas;Vega de San Mateo;35033;280089;-155333;4
35328;El Lomito;Las Palmas;Vega de San Mateo;35033;280056;-155775;3
35328;El Vincol;Las Palmas;Vega de San Mateo;35033;280045;-155788;3
35329;Las Cuevas (San Mateo);Las Palmas;Vega de San Mateo;35033;279914;-155681;3
35329;Cruz Del Saucillo;Las Palmas;Vega de San Mateo;35033;279914;-155681;3
35329;El Calero (San Mateo);Las Palmas;Vega de San Mateo;35033;279914;-155681;3
35329;Hoya Del Gamonal;Las Palmas;Vega de San Mateo;35033;279914;-155681;3
35329;La Asomada (San Mateo);Las Palmas;Vega de San Mateo;35033;279914;-155681;3
35329;El Hornillo (San Mateo);Las Palmas;Vega de San Mateo;35033;279914;-155681;3
35329;El Chorrillo (San Mateo);Las Palmas;Vega de San Mateo;35033;279914;-155681;3
35329;Casa De La Cal;Las Palmas;Vega de San Mateo;35033;279914;-155681;3
35329;El Meson (San Mateo);Las Palmas;Vega de San Mateo;35033;279914;-155681;3
35329;Lomo Los Ingleses;Las Palmas;Vega de San Mateo;35033;279914;-155681;3
35329;Lechucilla;Las Palmas;Vega de San Mateo;35033;279914;-155681;3
35329;Las Longueras (San Mateo);Las Palmas;Vega de San Mateo;35033;279914;-155681;3
35329;Cuatro Caminos;Las Palmas;Vega de San Mateo;35033;280038;-155393;3
35329;El Arenal;Las Palmas;Vega de San Mateo;35033;280023;-155513;3
35329;La Veguetilla;Las Palmas;Vega de San Mateo;35033;280145;-155267;3
35329;Acequia Marrero;Las Palmas;Vega de San Mateo;35033;280115;-155266;3
35329;Camaretas;Las Palmas;Vega de San Mateo;35033;279876;-155615;3
35329;La Lechuza;Las Palmas;Vega de San Mateo;35033;280036;-155531;3
35329;Lomo Aljorradero;Las Palmas;Vega de San Mateo;35033;279995;-155544;3
35329;Hoya Viciosa;Las Palmas;Vega de San Mateo;35033;280066;-155349;3
35329;La Higuera;Las Palmas;Vega de San Mateo;35033;280048;-155342;3
35329;Lomo Caballo;Las Palmas;Vega de San Mateo;35033;280147;-155345;3
35329;Hoya Navarra;Las Palmas;Vega de San Mateo;35033;27999;-155505;3
35329;Cueva Grande;Las Palmas;Vega de San Mateo;35033;2799;-155693;4
35329;La Bodeguilla;Las Palmas;Vega de San Mateo;35033;280105;-15521;3
35329;Los Chorros;Las Palmas;Vega de San Mateo;35033;280074;-155424;3
35330;Lomo Cobo;Las Palmas;Teror;35027;280735;-155212;3
35330;Mujica;Las Palmas;Teror;35027;280651;-155287;3
35330;Muñigal;Las Palmas;Teror;35027;280556;-155421;3
35330;El Secuestro;Las Palmas;Teror;35027;280648;-15553;3
35330;El Chorrito;Las Palmas;Teror;35027;280575;-155497;3
35330;Llanos De Arevalo;Las Palmas;Teror;35027;280606;-155491;3
35330;El Hornillo (Teror);Las Palmas;Teror;35027;280606;-155491;4
35330;Teror (Capital Municipal);Las Palmas;Teror;35027;280606;-155491;3
35330;El Rincon (Teror);Las Palmas;Teror;35027;280606;-155491;4
35330;Barrio Del Pino (Teror);Las Palmas;Teror;35027;280606;-155491;4
35330;El Lomo (Teror);Las Palmas;Teror;35027;280606;-155491;4
35330;El Hoyo (Teror);Las Palmas;Teror;35027;280606;-155491;4
35330;Buenavista (Teror);Las Palmas;Teror;35027;280606;-155491;4
35333;Arbejales;Las Palmas;Teror;35027;280606;-155491;1
35338;Lomo Pilon;Las Palmas;Teror;35027;280606;-155491;3
35338;Espartero;Las Palmas;Teror;35027;280606;-155491;3
35338;Lomo Del Gallego;Las Palmas;Teror;35027;280606;-155491;3
35338;Ojero;Las Palmas;Teror;35027;280447;-155549;3
35338;Miraflor;Las Palmas;Teror;35027;280678;-155242;3
35338;Lo Blanco;Las Palmas;Teror;35027;280699;-155177;3
35338;San Isidro (Teror);Las Palmas;Teror;35027;280606;-155491;4
35338;Corrales Los (Teror);Las Palmas;Teror;35027;280606;-155491;4
35338;Las Toscas (Teror);Las Palmas;Teror;35027;280606;-155491;4
35338;El Faro;Las Palmas;Teror;35027;280446;-155402;3
35338;Barranco Zapatero;Las Palmas;Teror;35027;280606;-155491;3
35339;Las Paredes;Las Palmas;Teror;35027;280796;-155415;1
35339;El Pedregal;Las Palmas;Teror;35027;280606;-155491;1
35339;La Peña (Teror);Las Palmas;Teror;35027;280606;-155491;1
35339;Cuesta Falcon;Las Palmas;Teror;35027;280606;-155491;1
35339;El Alamo;Las Palmas;Teror;35027;280606;-155491;1
35339;Guanchia;Las Palmas;Teror;35027;280606;-155491;1
35339;San Matias;Las Palmas;Teror;35027;280606;-155491;1
35339;Siete Puertas (Teror);Las Palmas;Teror;35027;280606;-155491;1
35339;El Escobonal;Las Palmas;Teror;35027;280606;-155491;1
35339;Las Rosadas;Las Palmas;Teror;35027;280606;-155491;1
35339;Barranco Del Pino (Barranco);Las Palmas;Teror;35027;280606;-155491;1
35339;El Palmar;Las Palmas;Teror;35027;280606;-155491;1
35339;Huertas Del Palmar;Las Palmas;Teror;35027;280606;-155491;1
35339;Las Peñas;Las Palmas;Teror;35027;280559;-155526;1
35339;Los Llanos;Las Palmas;Teror;35027;280601;-155543;1
35339;Quebradero;Las Palmas;Teror;35027;2805;-155468;1
35340;Madrelagua;Las Palmas;Valleseco;35032;280355;-155696;1
35340;Lanzarote (Valleseco);Las Palmas;Valleseco;35032;280658;-155707;1
35340;Valleseco (Capital Municipal);Las Palmas;Valleseco;35032;280658;-155707;1
35349;La Laguna (Valleseco);Las Palmas;Valleseco;35032;280658;-155707;3
35349;Carpinteras;Las Palmas;Valleseco;35032;280658;-155707;3
35349;Las Troyanas;Las Palmas;Valleseco;35032;280658;-155707;3
35349;Barranquillo (Valleseco);Las Palmas;Valleseco;35032;280658;-155707;3
35349;Caseron;Las Palmas;Valleseco;35032;280658;-155707;3
35349;Zamora;Las Palmas;Valleseco;35032;280658;-155707;3
35349;Barranco;Las Palmas;Valleseco;35032;280658;-155707;3
35349;Zumacal (Valleseco);Las Palmas;Valleseco;35032;280658;-155707;3
35349;Monagas;Las Palmas;Valleseco;35032;280651;-155708;4
35349;Valsendero;Las Palmas;Valleseco;35032;280508;-155895;3
35350;Coruña;Las Palmas;Artenara;35005;280326;-156652;3
35350;Lugarejos;Las Palmas;Artenara;35005;280436;-156701;4
35350;Candelaria;Las Palmas;Artenara;35005;280103;-156828;3
35350;Las Cuevas (Artenara);Las Palmas;Artenara;35005;280321;-15659;3
35350;Acusa Verde;Las Palmas;Artenara;35005;280043;-156908;3
35350;Artenara;Las Palmas;Artenara;35005;2802;-156464;4
35360;Tejeda (Capital Municipal);Las Palmas;Tejeda;35025;27989;-156275;1
35368;Pagos De Casas Juan Gomez;Las Palmas;Tejeda;35025;279893;-156282;3
35368;Carrizal De Tejeda;Las Palmas;Tejeda;35025;279893;-156282;3
35368;Casa Forestal Pajonales;Las Palmas;Tejeda;35025;279893;-156282;3
35368;El Juncal;Las Palmas;Tejeda;35025;279581;-156442;4
35368;El Espinillo;Las Palmas;Tejeda;35025;27985;-156473;4
35368;El Toscon (Tejeda);Las Palmas;Tejeda;35025;279951;-156154;4
35368;El Chorrillo (Tejeda);Las Palmas;Tejeda;35025;279951;-156154;4
35368;La Solana (Tejeda);Las Palmas;Tejeda;35025;279951;-156154;4
35368;Higuerilla;Las Palmas;Tejeda;35025;279982;-156515;4
35368;El Roque (Tejeda);Las Palmas;Tejeda;35025;279951;-156154;4
35368;La Culata (Tejeda);Las Palmas;Tejeda;35025;279951;-156154;4
35369;El Majuelo;Las Palmas;Antigua;35003;280042;-156172;4
35369;Ayacata;Las Palmas;Antigua;35003;279579;-156086;3
35369;Cuevas Caidas;Las Palmas;Antigua;35003;279906;-155987;3
35369;Timagada;Las Palmas;Antigua;35003;279715;-156269;4
35369;El Rincon (Tejeda);Las Palmas;Antigua;35003;279877;-156246;3
35369;Risco La Candelilla;Las Palmas;Antigua;35003;279877;-156246;3
35369;Las Crucitas (Tejeda);Las Palmas;Antigua;35003;279877;-156246;3
35369;Casas De Huertas;Las Palmas;Antigua;35003;279877;-156246;3
35369;La Umbria;Las Palmas;Antigua;35003;279877;-156246;3
35369;Lomo De Los Santos;Las Palmas;Antigua;35003;279877;-156246;3
35369;Casas Del Lomo;Las Palmas;Antigua;35003;279877;-156246;3
35369;La Degollada (Tejeda);Las Palmas;Antigua;35003;279877;-156246;3
35369;La Candelilla;Las Palmas;Antigua;35003;279877;-156246;3
35400;El Hornillo Alto;Las Palmas;Arucas;35006;281198;-155233;3
35400;Arucas (Capital Municipal);Las Palmas;Arucas;35006;281198;-155233;3
35400;Hoya De San Juan;Las Palmas;Arucas;35006;281198;-155233;3
35400;Montaña De Arucas;Las Palmas;Arucas;35006;281198;-155233;3
35400;Camino De La Cruz Alto;Las Palmas;Arucas;35006;281198;-155233;3
35400;La Fula;Las Palmas;Arucas;35006;281225;-155366;3
35400;El Terrero (Arucas);Las Palmas;Arucas;35006;281198;-155233;4
35400;La Montañeta (Arucas);Las Palmas;Arucas;35006;281198;-155233;4
35400;Lomo De San Pedro (Arucas);Las Palmas;Arucas;35006;281198;-155233;4
35400;La Goleta (Arucas);Las Palmas;Arucas;35006;281198;-155233;4
35400;El Matadero;Las Palmas;Arucas;35006;28117;-155313;3
35400;El Angostillo;Las Palmas;Arucas;35006;281111;-155429;3
35400;El Cerrillo;Las Palmas;Arucas;35006;281187;-155317;3
35411;Santidad Alta;Las Palmas;Arucas;35006;280994;-155118;3
35411;Santidad Baja;Las Palmas;Arucas;35006;281089;-155096;3
35411;La Guitarrilla;Las Palmas;Arucas;35006;281051;-155108;3
35411;San Francisco Javier;Las Palmas;Arucas;35006;281071;-155031;3
35411;Las Palmeras;Las Palmas;Arucas;35006;281147;-155102;3
35411;Lomo Grande;Las Palmas;Arucas;35006;281097;-155042;3
35411;San Gregorio (Arucas);Las Palmas;Arucas;35006;281001;-155118;3
35411;Hoya De Ariñez;Las Palmas;Arucas;35006;281001;-155118;3
35411;Lomo De Arucas;Las Palmas;Arucas;35006;281001;-155118;3
35411;El Lomo (Santidad);Las Palmas;Arucas;35006;281001;-155118;4
35411;El Puente De Arucas;Las Palmas;Arucas;35006;281001;-155118;3
35411;Barriada De Juan Xxiii;Las Palmas;Arucas;35006;281001;-155118;3
35411;San Francisco Javier (Urbanizacion);Las Palmas;Arucas;35006;281001;-155118;3
35411;Barreto;Las Palmas;Arucas;35006;281093;-155203;3
35412;Los Altabacales;Las Palmas;Arucas;35006;280947;-155466;1
35412;Los Portales;Las Palmas;Arucas;35006;280953;-155342;1
35412;Santa Flora;Las Palmas;Arucas;35006;28101;-155298;1
35412;La Pedrera;Las Palmas;Arucas;35006;280859;-155374;1
35412;Los Castillos;Las Palmas;Arucas;35006;280914;-155371;1
35412;Visvique;Las Palmas;Arucas;35006;281077;-155269;1
35412;Barrio Virgen Del Pino;Las Palmas;Arucas;35006;281449;-155679;1
35412;El Arco (Arucas);Las Palmas;Arucas;35006;281449;-155679;1
35412;Mirador De Los Portales;Las Palmas;Arucas;35006;281449;-155679;1
35412;El Picacho;Las Palmas;Arucas;35006;281449;-155679;1
35412;Los Peñones (Arucas);Las Palmas;Arucas;35006;281449;-155679;1
35412;La Solana (Arucas);Las Palmas;Arucas;35006;281449;-155679;1
35412;Fuente Del Laurel;Las Palmas;Arucas;35006;281449;-155679;1
35412;Camino Del Arco;Las Palmas;Arucas;35006;281449;-155679;1
35413;Costa;Las Palmas;Arucas;35006;281217;-155226;3
35413;La Palmita;Las Palmas;Arucas;35006;281217;-155226;3
35413;El Carril;Las Palmas;Arucas;35006;281217;-155226;3
35413;Las Hoyas Del Cardonal;Las Palmas;Arucas;35006;281217;-155226;3
35413;Lomo Ramirez;Las Palmas;Arucas;35006;281217;-155226;3
35413;Tres Barrios;Las Palmas;Arucas;35006;281217;-155226;3
35413;Hinojal;Las Palmas;Arucas;35006;281217;-155226;3
35413;Cruz De Pineda;Las Palmas;Arucas;35006;281217;-155226;3
35413;Camino De La Cruz Bajo;Las Palmas;Arucas;35006;281217;-155226;3
35413;Los Castillejos;Las Palmas;Arucas;35006;281263;-15518;3
35413;Las Chorreras;Las Palmas;Arucas;35006;281287;-155216;3
35413;Trasmontaña;Las Palmas;Arucas;35006;28134;-155177;4
35413;La Hondura;Las Palmas;Arucas;35006;281495;-155226;3
35413;El Guincho;Las Palmas;Arucas;35006;281441;-155122;3
35413;Los Palmitos;Las Palmas;Arucas;35006;281319;-155396;3
35413;Tanasio;Las Palmas;Arucas;35006;281496;-155262;3
35413;El Hornillo Bajo;Las Palmas;Arucas;35006;281258;-155129;3
35413;El Lomito (Arucas);Las Palmas;Arucas;35006;281198;-155233;4
35413;Las Hoyas (Arucas);Las Palmas;Arucas;35006;281198;-155233;4
35413;Tinocas (Arucas);Las Palmas;Arucas;35006;281198;-155233;4
35413;Trapiche (Arucas);Las Palmas;Arucas;35006;281198;-155233;4
35413;Lomo De Quintanilla (Arucas);Las Palmas;Arucas;35006;281198;-155233;4
35413;Llano Blanco (Arucas);Las Palmas;Arucas;35006;281198;-155233;4
35413;Cardonal (Arucas);Las Palmas;Arucas;35006;281198;-155233;4
35414;Escaleritas (Arucas);Las Palmas;Arucas;35006;281198;-155233;4
35414;San Andres;Las Palmas;Arucas;35006;285;-161833;4
35414;El Roque (Arucas);Las Palmas;Arucas;35006;281198;-155233;4
35414;El Risco (Arucas);Las Palmas;Arucas;35006;281198;-155233;4
35414;El Tarahal;Las Palmas;Arucas;35006;28201;-156696;3
35414;El Peñon;Las Palmas;Arucas;35006;28201;-156696;3
35414;Pagador;Las Palmas;Arucas;35006;28201;-156696;3
35414;Altillo;Las Palmas;Arucas;35006;28201;-156696;3
35414;Quintanilla;Las Palmas;Arucas;35006;281461;-155477;3
35414;San Felipe;Las Palmas;Arucas;35006;281452;-155935;4
35414;El Puertillo;Las Palmas;Arucas;35006;281495;-155331;3
35414;Bañaderos;Las Palmas;Arucas;35006;281463;-155344;3
35414;La Cuestilla;Las Palmas;Arucas;35006;281465;-15529;3
35415;Cardones;Las Palmas;Arucas;35006;281299;-155094;3
35415;El Perdigon;Las Palmas;Arucas;35006;281198;-155233;3
35415;Montaña Cardones;Las Palmas;Arucas;35006;281198;-155233;3
35415;La Montaña (Cardones);Las Palmas;Arucas;35006;281198;-155233;3
35415;Lomo Espino (Arucas);Las Palmas;Arucas;35006;281198;-155233;4
35415;La Dehesa (Arucas);Las Palmas;Arucas;35006;281198;-155233;4
35420;Moya;Las Palmas;Gáldar;35009;281097;-155834;4
35421;Fontanales;Las Palmas;Moya;35013;28058;-156076;4
35421;Lomo Del Peñon;Las Palmas;Moya;35013;280924;-155928;3
35421;Barranco Del Pinar (Moya);Las Palmas;Moya;35013;281014;-155892;4
35421;San Bartolome De Fontanales;Las Palmas;Moya;35013;280924;-155928;3
35421;San Fernando (Moya);Las Palmas;Moya;35013;281014;-155892;4
35421;El Tablero (Moya);Las Palmas;Moya;35013;281014;-155892;4
35421;La Juarada (Moya);Las Palmas;Moya;35013;281014;-155892;4
35421;Hoyas Del Cavadero;Las Palmas;Moya;35013;280924;-155928;3
35421;Barranco Del Laurel;Las Palmas;Moya;35013;280924;-155928;3
35421;Los Tiles;Las Palmas;Moya;35013;280924;-155928;3
35421;Corvo;Las Palmas;Moya;35013;280712;-155926;3
35422;Cabo Verde;Las Palmas;Moya;35013;281354;-15587;4
35422;El Brecito;Las Palmas;Moya;35013;281132;-155801;3
35422;La Cordillera;Las Palmas;Moya;35013;281383;-155865;3
35422;El Palmito (Moya);Las Palmas;Moya;35013;281375;-155845;3
35422;Las Carreras;Las Palmas;Moya;35013;281375;-155845;3
35422;Los Toscales;Las Palmas;Moya;35013;281375;-155845;3
35422;Trujillo (Moya);Las Palmas;Moya;35013;281375;-155845;3
35422;El Moreto;Las Palmas;Moya;35013;281375;-155845;3
35422;El Fronton (Moya);Las Palmas;Moya;35013;281375;-155845;3
35423;Carreteria;Las Palmas;Moya;35013;281014;-155892;3
35423;El Palo;Las Palmas;Moya;35013;281014;-155892;3
35423;El Lance;Las Palmas;Moya;35013;281014;-155892;3
35423;Lomo Blanco (Moya);Las Palmas;Moya;35013;281014;-155892;4
35423;Los Dragos (Moya);Las Palmas;Moya;35013;281014;-155892;4
35423;Doramas (Moya);Las Palmas;Moya;35013;281014;-155892;4
35430;Firgas (Capital Municipal);Las Palmas;Firgas;35008;281093;-155623;1
35431;San Anton;Las Palmas;Firgas;35008;281121;-155615;3
35431;Barranco De Las Madres;Las Palmas;Firgas;35008;281121;-155615;3
35431;Buenlugar;Las Palmas;Firgas;35008;281183;-155603;3
35431;Las Pellas;Las Palmas;Firgas;35008;280903;-155617;3
35431;Casablanca;Las Palmas;Firgas;35008;281289;-15557;4
35431;Itara;Las Palmas;Firgas;35008;281223;-15558;3
35431;La Palmilla (Firgas);Las Palmas;Firgas;35008;281071;-15563;4
35431;El Zumacal (Firgas);Las Palmas;Firgas;35008;281071;-15563;4
35431;El Lomito (Firgas);Las Palmas;Firgas;35008;281071;-15563;4
35432;El Risco (Firgas);Las Palmas;Firgas;35008;281071;-15563;4
35432;La Cruz (Firgas);Las Palmas;Firgas;35008;281071;-15563;4
35432;La Caldera (Firgas);Las Palmas;Firgas;35008;281071;-15563;4
35432;Lomo Quintanilla (Firgas);Las Palmas;Firgas;35008;281071;-15563;4
35432;Los Menores;Las Palmas;Firgas;35008;281168;-155545;3
35432;Trapiche (Firgas);Las Palmas;Firgas;35008;281071;-15563;4
35432;El Cortijo;Las Palmas;Firgas;35008;281213;-15552;3
35432;Cambalud;Las Palmas;Firgas;35008;281281;-155461;3
35432;Los Dolores;Las Palmas;Firgas;35008;281302;-155488;3
35432;Padilla;Las Palmas;Firgas;35008;281084;-15553;3
35432;Los Rosales;Las Palmas;Firgas;35008;281148;-15553;3
35432;Los Barranquillos;Las Palmas;Firgas;35008;280997;-155564;3
35450;Becerril De Guia;Las Palmas;Santa María de Guía de Gran Canaria;35023;281397;-156329;3
35450;Santa Maria De Guia (Capital Municipal);Las Palmas;Santa María de Guía de Gran Canaria;35023;281397;-156329;3
35450;La Atalaya De Guia;Las Palmas;Santa María de Guía de Gran Canaria;35023;281397;-156329;3
35450;Cercados De Merino;Las Palmas;Santa María de Guía de Gran Canaria;35023;281397;-156329;3
35450;Marente (Urbanizacion);Las Palmas;Santa María de Guía de Gran Canaria;35023;281397;-156329;3
35450;Guia;Las Palmas;Santa María de Guía de Gran Canaria;35023;281397;-156329;4
35450;El Calvario (Santa Maria De Guia);Las Palmas;Santa María de Guía de Gran Canaria;35023;281397;-156329;3
35457;Ingenio Blanco;Las Palmas;Santa María de Guía de Gran Canaria;35023;281092;-156083;1
35457;Montaña Alta (Santa Maria De Guia);Las Palmas;Santa María de Guía de Gran Canaria;35023;281092;-156083;1
35457;Lomo Betancor;Las Palmas;Santa María de Guía de Gran Canaria;35023;281092;-156083;1
35457;Tres Cruces (Santa Ma De Guia);Las Palmas;Santa María de Guía de Gran Canaria;35023;281092;-156083;1
35457;Cuesta De Caraballo;Las Palmas;Santa María de Guía de Gran Canaria;35023;281092;-156083;1
35457;Caserio De Marente;Las Palmas;Santa María de Guía de Gran Canaria;35023;281092;-156083;1
35457;Barranquillo Frio;Las Palmas;Santa María de Guía de Gran Canaria;35023;281092;-156083;1
35457;Marente;Las Palmas;Santa María de Guía de Gran Canaria;35023;281092;-156083;1
35457;Verdejo;Las Palmas;Santa María de Guía de Gran Canaria;35023;281092;-156083;1
35457;Santa Cristina;Las Palmas;Santa María de Guía de Gran Canaria;35023;280992;-156025;1
35457;Junquillo;Las Palmas;Santa María de Guía de Gran Canaria;35023;281092;-156083;1
35457;Bascamao;Las Palmas;Santa María de Guía de Gran Canaria;35023;280943;-156294;1
35457;Hoya Del Predegal (Santa Maria De Guia);Las Palmas;Santa María de Guía de Gran Canaria;35023;281092;-156083;1
35457;Paso Maria De Los Santos;Las Palmas;Santa María de Guía de Gran Canaria;35023;281092;-156083;1
35457;Barranco Del Pinar (Santa Maria De Guia);Las Palmas;Santa María de Guía de Gran Canaria;35023;281092;-156083;1
35458;San Blas;Las Palmas;Santa María de Guía de Gran Canaria;35023;281072;-155962;3
35458;San Juan (S.M.Guia);Las Palmas;Santa María de Guía de Gran Canaria;35023;281072;-155962;3
35458;Albercon De La Virgen;Las Palmas;Santa María de Guía de Gran Canaria;35023;281072;-155962;3
35458;La Suerte (S.M. Guia);Las Palmas;Santa María de Guía de Gran Canaria;35023;281072;-155962;3
35458;Lomo De Las Azucenas;Las Palmas;Santa María de Guía de Gran Canaria;35023;281072;-155962;3
35458;Casas De Aguilar;Las Palmas;Santa María de Guía de Gran Canaria;35023;281072;-155962;3
35458;Lomo Los Martines;Las Palmas;Santa María de Guía de Gran Canaria;35023;281072;-155962;3
35458;El Palmital (Carretera);Las Palmas;Santa María de Guía de Gran Canaria;35023;281072;-155962;3
35458;Tres Palmas (Santa Maria De Guia);Las Palmas;Santa María de Guía de Gran Canaria;35023;281027;-155954;4
35458;Barranco Hondo (Santa Maria De Guia);Las Palmas;Santa María de Guía de Gran Canaria;35023;281027;-155954;4
35458;Vergara;Las Palmas;Santa María de Guía de Gran Canaria;35023;28116;-155978;4
35458;Desaguaderos;Las Palmas;Santa María de Guía de Gran Canaria;35023;281137;-155928;3
35458;El Calabozo;Las Palmas;Santa María de Guía de Gran Canaria;35023;281197;-156148;3
35458;Mondragones;Las Palmas;Santa María de Guía de Gran Canaria;35023;281188;-155996;3
35458;Doñana;Las Palmas;Santa María de Guía de Gran Canaria;35023;281341;-156152;3
35458;Farailaga;Las Palmas;Santa María de Guía de Gran Canaria;35023;281288;-155954;3
35458;La Dehesa;Las Palmas;Santa María de Guía de Gran Canaria;35023;281257;-156149;3
35459;Las Boticarias;Las Palmas;;;2813;-156296;3
35459;Llanos De Parra;Las Palmas;;;280845;-156199;3
35459;Montaña De Guia;Las Palmas;;;280845;-156199;4
35459;La Cañada (Santa Maria De Guia);Las Palmas;;;280845;-156199;3
35459;Anzo;Las Palmas;;;28131;-156414;3
35460;Galdar (Capital Municipal);Las Palmas;Gáldar;35009;281066;-155999;1
35468;La Montañeta (Galdar);Las Palmas;Gáldar;35009;281066;-155999;1
35468;Lucena;Las Palmas;Gáldar;35009;281066;-155999;1
35468;Chirino;Las Palmas;Gáldar;35009;281066;-155999;1
35468;Hoya De Pineda (Galdar);Las Palmas;Gáldar;35009;281066;-155999;1
35468;Troya;Las Palmas;Gáldar;35009;281066;-155999;1
35468;Los Silos (Galdar);Las Palmas;Gáldar;35009;281066;-155999;1
35468;La Degollada (Galdar);Las Palmas;Gáldar;35009;281066;-155999;1
35468;Inciensal;Las Palmas;Gáldar;35009;281066;-155999;1
35468;Trujillo (Galdar);Las Palmas;Gáldar;35009;281066;-155999;1
35468;Las Rosas (Galdar);Las Palmas;Gáldar;35009;281066;-155999;1
35468;El Molino (Galdar);Las Palmas;Gáldar;35009;281066;-155999;1
35468;Barranco Hondo De Arriba;Las Palmas;Gáldar;35009;281066;-155999;1
35468;Buenavista;Las Palmas;Gáldar;35009;281066;-155999;1
35468;Juncalillo (Galdar);Las Palmas;Gáldar;35009;281066;-155999;1
35468;La Agazal;Las Palmas;Gáldar;35009;281066;-155999;1
35468;Barranco Hondo De Abajo;Las Palmas;Gáldar;35009;281066;-155999;1
35468;Valeron;Las Palmas;Gáldar;35009;281066;-155999;1
35468;Lomo Del Palo;Las Palmas;Gáldar;35009;281066;-155999;1
35468;Las Calderas;Las Palmas;Gáldar;35009;281066;-155999;1
35468;Caideros De San Jose;Las Palmas;Gáldar;35009;281066;-155999;1
35468;Cardonal (Agaete);Las Palmas;Gáldar;35009;281066;-155999;1
35468;Tegueste (Galdar);Las Palmas;Gáldar;35009;281066;-155999;1
35468;Piso Firme;Las Palmas;Gáldar;35009;281117;-156845;1
35468;Saucillo;Las Palmas;Gáldar;35009;280947;-156413;1
35468;El Hornillo (Agaete);Las Palmas;Gáldar;35009;281066;-155999;1
35468;Los Llanos (Agaete);Las Palmas;Gáldar;35009;281066;-155999;1
35468;Hoya De Pineda (Santa Maria De Guia);Las Palmas;Gáldar;35009;281066;-155999;1
35469;Caleta De Arriba;Las Palmas;Gáldar;35009;281066;-155999;1
35469;Faro De Sardina (Urbanizacion);Las Palmas;Gáldar;35009;281066;-155999;1
35469;Punta De Galdar;Las Palmas;Gáldar;35009;281066;-155999;1
35469;El Sobradillo (Galdar);Las Palmas;Gáldar;35009;281066;-155999;1
35469;Los Condenados (Barrio);Las Palmas;Gáldar;35009;281066;-155999;1
35469;Corralete;Las Palmas;Gáldar;35009;281066;-155999;1
35469;Barrio Negrin (Galdar);Las Palmas;Gáldar;35009;281066;-155999;1
35469;Sardina (Galdar);Las Palmas;Gáldar;35009;281066;-155999;1
35469;El Clavo;Las Palmas;Gáldar;35009;281066;-155999;1
35469;Barranquillo El Vino;Las Palmas;Gáldar;35009;281066;-155999;1
35469;La Furnia;Las Palmas;Gáldar;35009;281605;-156742;1
35469;Barrial;Las Palmas;Gáldar;35009;281413;-156643;1
35469;El Agujero;Las Palmas;Gáldar;35009;281609;-15661;1
35469;Los Dos Roques;Las Palmas;Gáldar;35009;281579;-156706;1
35469;Nido Cuervo;Las Palmas;Gáldar;35009;281473;-156651;1
35469;Las Cumbrecillas;Las Palmas;Gáldar;35009;281563;-156985;1
35470;Los Cardones;Las Palmas;Aldea de San Nicolás, La;35020;279816;-15785;1
35470;San Nicolas De Tolentino (Capital Municipal);Las Palmas;Aldea de San Nicolás, La;35020;279415;-157793;1
35470;La Aldea De San Nicolas;Las Palmas;Aldea de San Nicolás, La;35020;279415;-157793;1
35470;Jerez (San Nicolas De Tolentino);Las Palmas;Aldea de San Nicolás, La;35020;279415;-157793;1
35478;Las Rosas (San Nicolas De Tolentino);Las Palmas;Aldea de San Nicolás, La;35020;27926;-157738;3
35478;Tocodoman;Las Palmas;Aldea de San Nicolás, La;35020;27926;-157738;3
35478;El Canonigo;Las Palmas;Aldea de San Nicolás, La;35020;27926;-157738;3
35478;Artejeves (Zona);Las Palmas;Aldea de San Nicolás, La;35020;27926;-157738;3
35478;Playa De Tasarte (Playa);Las Palmas;Aldea de San Nicolás, La;35020;27926;-157738;3
35478;La Cardonera;Las Palmas;Aldea de San Nicolás, La;35020;27926;-157738;3
35478;El Hoyo (San Nicolas De Tolentino);Las Palmas;Aldea de San Nicolás, La;35020;27926;-157738;3
35478;Palillo De Tasarte;Las Palmas;Aldea de San Nicolás, La;35020;27926;-157738;3
35478;La Cruz (San Nicolas De Tolentino);Las Palmas;Aldea de San Nicolás, La;35020;27926;-157738;3
35478;Posteragua De Tasarte;Las Palmas;Aldea de San Nicolás, La;35020;27926;-157738;3
35478;Los Pasitos (San Nicolas De Tolentino);Las Palmas;Aldea de San Nicolás, La;35020;27926;-157738;3
35478;Casas Blancas (San Nicolas De Tolentino);Las Palmas;Aldea de San Nicolás, La;35020;27926;-157738;3
35478;Tasarte;Las Palmas;Aldea de San Nicolás, La;35020;279157;-157662;4
35478;Molino De Viento (Tasarte);Las Palmas;Aldea de San Nicolás, La;35020;279256;-157599;4
35478;Tasartico;Las Palmas;Aldea de San Nicolás, La;35020;279268;-158016;4
35479;El Lomo (San Nicolas De Tolentino);Las Palmas;Aldea de San Nicolás, La;35020;279882;-157959;3
35479;La Playa (San Nicolas De Tolentino);Las Palmas;Aldea de San Nicolás, La;35020;279882;-157959;3
35479;Cuermeja;Las Palmas;Aldea de San Nicolás, La;35020;279882;-157959;3
35479;El Cruce (San Nicolas De Tolentino);Las Palmas;Aldea de San Nicolás, La;35020;279882;-157959;3
35479;Molino De Agua;Las Palmas;Aldea de San Nicolás, La;35020;279882;-157959;3
35479;La Rosa;Las Palmas;Aldea de San Nicolás, La;35020;279882;-157959;3
35479;Las Tabladas;Las Palmas;Aldea de San Nicolás, La;35020;279882;-157959;3
35479;Ladera Del Palomar;Las Palmas;Aldea de San Nicolás, La;35020;279882;-157959;3
35479;La Ladera;Las Palmas;Aldea de San Nicolás, La;35020;279882;-157959;3
35479;El Albercon;Las Palmas;Aldea de San Nicolás, La;35020;279882;-157959;3
35479;El Ribanzo;Las Palmas;Aldea de San Nicolás, La;35020;27991;-157961;3
35479;Cercadillos;Las Palmas;Aldea de San Nicolás, La;35020;279823;-157672;3
35479;Los Espinos;Las Palmas;Aldea de San Nicolás, La;35020;279883;-157959;3
35479;Mederos;Las Palmas;Aldea de San Nicolás, La;35020;279907;-157937;4
35479;Los Molinos;Las Palmas;Aldea de San Nicolás, La;35020;27994;-158031;3
35479;El Pinillo;Las Palmas;Aldea de San Nicolás, La;35020;279775;-157771;3
35479;Los Caserones;Las Palmas;Aldea de San Nicolás, La;35020;280046;-158158;3
35479;Castañeta;Las Palmas;Aldea de San Nicolás, La;35020;27988;-157728;3
35479;Las Marciegas;Las Palmas;Aldea de San Nicolás, La;35020;279985;-158144;3
35479;La Hoyilla;Las Palmas;Aldea de San Nicolás, La;35020;279902;-157974;3
35480;Agaete (Capital Municipal);Las Palmas;Agaete;35001;281002;-157;3
35480;El Turman (Urbanizacion);Las Palmas;Agaete;35001;281002;-157;3
35480;El Palmeral (Agaete) (Urbanizacion);Las Palmas;Agaete;35001;281002;-157;4
35488;Lomo De Don Tomas;Las Palmas;Gáldar;35009;28147;-156502;3
35488;Rosetas;Las Palmas;Gáldar;35009;28147;-156502;3
35488;Taya;Las Palmas;Gáldar;35009;28147;-156502;3
35488;Marmolejo;Las Palmas;Gáldar;35009;28147;-156502;3
35488;Juan Viejo;Las Palmas;Gáldar;35009;28147;-156502;3
35488;Las Quintanas;Las Palmas;Gáldar;35009;28147;-156502;3
35488;Barranco Canario;Las Palmas;Gáldar;35009;28147;-156502;3
35488;Lomo De San Anton;Las Palmas;Gáldar;35009;28147;-156502;3
35488;Farragut;Las Palmas;Gáldar;35009;28147;-156502;3
35488;Las Majadilla (Galdar);Las Palmas;Gáldar;35009;28147;-156502;4
35488;San Isidro (Galdar);Las Palmas;Gáldar;35009;28147;-156502;4
35489;Puerto De Las Nieves;Las Palmas;Agaete;35001;281031;-157114;4
35489;Las Longueras (Agaete);Las Palmas;Agaete;35001;280886;-156965;3
35489;La Calera;Las Palmas;Agaete;35001;280886;-156965;3
35489;La Cruz (Agaete);Las Palmas;Agaete;35001;280886;-156965;3
35489;La Suerte (Agaete);Las Palmas;Agaete;35001;280886;-156965;3
35489;Valle De Agaete;Las Palmas;Agaete;35001;280886;-156965;3
35489;El Sao (Agaete);Las Palmas;Agaete;35001;280886;-156965;3
35489;Chapin;Las Palmas;Agaete;35001;280886;-156965;3
35489;Lomo De San Pedro (Agaete);Las Palmas;Agaete;35001;280886;-156965;3
35489;Vecindad De Enfrente;Las Palmas;Agaete;35001;280886;-156965;3
35489;Cuevecillas (Agaete);Las Palmas;Agaete;35001;280886;-156965;3
35489;San Pedro;Las Palmas;Agaete;35001;280812;-156713;4
35489;Guayedra;Las Palmas;Agaete;35001;280818;-157065;4
35489;Los Berrazales;Las Palmas;Agaete;35001;280886;-156965;3
35489;Risco El (Agaete);Las Palmas;Agaete;35001;280886;-156965;3
35500;Arrecife;Las Palmas;Puerto del Rosario;35017;289673;-135521;4
35507;Volcan De Tahiche;Las Palmas;Teguise;35024;290191;-135445;3
35507;Tahiche;Las Palmas;Teguise;35024;290191;-135445;4
35507;Vega De Tahiche;Las Palmas;Teguise;35024;290191;-135445;3
35507;Las Cabreras;Las Palmas;Teguise;35024;290191;-135445;3
35508;Los Ancones;Las Palmas;Teguise;35024;289984;-134991;3
35508;Costa Teguise;Las Palmas;Teguise;35024;289996;-134954;4
35508;Las Caletas;Las Palmas;Teguise;35024;289822;-135127;3
35509;Playa Honda;Las Palmas;San Bartolomé;35018;289537;-135912;4
35509;Las Puntas;Las Palmas;San Bartolomé;35018;289529;-135912;3
35509;Aeropuerto De Lanzarote;Las Palmas;San Bartolomé;35018;289529;-135912;3
35509;Playa Del Cable (Playa);Las Palmas;San Bartolomé;35018;289529;-135912;3
35510;Los Pocillos;Las Palmas;Tías;35028;289434;-136548;3
35510;Los Casalones;Las Palmas;Tías;35028;289434;-136548;3
35510;Barranco Del Quiquere;Las Palmas;Tías;35028;289434;-136548;3
35510;Los Mojones;Las Palmas;Tías;35028;289636;-136439;4
35510;Puerto Del Carmen;Las Palmas;Tías;35028;289231;-136658;4
35520;Haria (Capital Municipal);Las Palmas;Haría;35010;290322;-136071;1
35530;Teguise (Capital Municipal);Las Palmas;Teguise;35024;290604;-135347;1
35539;La Montaña (Teguise);Las Palmas;Teguise;35024;290604;-135347;3
35539;El Mojon;Las Palmas;Teguise;35024;290631;-135175;4
35539;Nazaret;Las Palmas;Teguise;35024;290418;-135575;4
35539;Los Valles;Las Palmas;Teguise;35024;290847;-135258;4
35539;Teseguite;Las Palmas;Teguise;35024;290556;-135311;4
35540;Caleta De Sebo (Isla Graciosa);Las Palmas;Santa María de Guía de Gran Canaria;35023;291451;-134702;1
35540;Pedro Barba (La Graciosa);Las Palmas;Santa María de Guía de Gran Canaria;35023;291451;-134702;1
35540;Caleta De Sebo (La Graciosa);Las Palmas;Santa María de Guía de Gran Canaria;35023;291451;-134702;1
35541;Maguez;Las Palmas;Haría;35010;291601;-134929;4
35541;Orzola;Las Palmas;Haría;35010;292209;-13452;4
35541;Ye;Las Palmas;Haría;35010;291948;-134799;4
35541;Guinate;Las Palmas;Haría;35010;291807;-134946;4
35542;Tabayesco;Las Palmas;Haría;35010;291277;-134804;4
35542;Punta Mujeres;Las Palmas;Haría;35010;291452;-134484;4
35542;Arrieta;Las Palmas;Haría;35010;291322;-134614;4
35543;Mala;Las Palmas;Haría;35010;290979;-134685;4
35544;Guatiza;Las Palmas;Teguise;35024;290744;-134787;4
35550;San Bartolome De Lanzarote (Capital Municipal);Las Palmas;Tinajo;35029;290411;-136285;1
35558;Las Laderas (Teguise);Las Palmas;Teguise;35024;290743;-136293;3
35558;Caleta De Famara;Las Palmas;Teguise;35024;290743;-136293;3
35558;Caldereta (San Bartolome De Lanzarote);Las Palmas;Teguise;35024;290743;-136293;3
35558;Tiagua;Las Palmas;Teguise;35024;290541;-136319;4
35558;Soo;Las Palmas;Teguise;35024;291002;-136209;4
35558;Muñique;Las Palmas;Teguise;35024;290714;-136345;4
35559;El Islote;Las Palmas;San Bartolomé;35018;290166;-136303;4
35559;La Florida (San Bartolome De Lanzarote);Las Palmas;San Bartolomé;35018;289914;-136274;3
35559;Montaña Blanca (San Bartolome De Lanzarote);Las Palmas;San Bartolomé;35018;289914;-136274;3
35559;Guime;Las Palmas;San Bartolomé;35018;28973;-136137;4
35560;El Cuchillo;Las Palmas;Tinajo;35029;290823;-136645;4
35560;Yuco;Las Palmas;Tinajo;35029;290532;-136488;3
35560;La Santa;Las Palmas;Tinajo;35029;291072;-136668;4
35560;La Vegueta;Las Palmas;Tinajo;35029;290483;-136487;4
35560;Tajaste;Las Palmas;Tinajo;35029;29052;-136835;3
35560;La Costa (Tinajo);Las Palmas;Tinajo;35029;290756;-13665;3
35560;Mancha Blanca;Las Palmas;Tinajo;35029;290436;-13688;3
35560;Tinajo;Las Palmas;Tinajo;35029;290633;-136765;4
35560;La Cañada (Tinajo);Las Palmas;Tinajo;35029;290756;-13665;3
35561;Tomaren;Las Palmas;Teguise;35024;29022;-136138;3
35561;Mozaga;Las Palmas;Teguise;35024;29022;-136131;4
35561;Tao (Teguise);Las Palmas;Teguise;35024;29022;-136138;4
35570;Femes;Las Palmas;Yaiza;35034;289121;-137789;4
35570;Uga;Las Palmas;Yaiza;35034;289502;-137437;4
35570;Maciot;Las Palmas;Yaiza;35034;289312;-137617;3
35570;Degollada La (Yaiza);Las Palmas;Yaiza;35034;289312;-137617;3
35570;Playa Quemada;Las Palmas;Yaiza;35034;289312;-137617;3
35570;Yaiza (Capital Municipal);Las Palmas;Yaiza;35034;289312;-137617;3
35570;El Golfo (Yaiza);Las Palmas;Yaiza;35034;289312;-137617;3
35570;Las Breñas (Yaiza);Las Palmas;Yaiza;35034;289312;-137617;3
35570;La Geria;Las Palmas;Yaiza;35034;289312;-137617;3
35570;Las Casitas (Yaiza);Las Palmas;Yaiza;35034;289312;-137617;3
35571;Barranco Del Agua;Las Palmas;Tías;35028;289441;-137087;3
35571;Barranco De La Pila;Las Palmas;Tías;35028;289441;-137087;3
35571;Macher;Las Palmas;Tías;35028;289484;-136912;4
35571;Cortijo Viejo (Yaiza);Las Palmas;Tías;35028;289568;-137654;4
35571;Puerto Calero;Las Palmas;Tías;35028;289203;-137054;4
35571;La Asomada (Tias);Las Palmas;Tías;35028;289484;-136912;4
35571;Barranco De La Calera (Macher);Las Palmas;Tías;35028;289484;-136912;4
35572;Conil;Las Palmas;Tías;35028;289678;-136709;4
35572;Masdache;Las Palmas;Tías;35028;289961;-136554;4
35572;Tegoyo;Las Palmas;Tías;35028;289718;-136809;4
35572;Tias (Capital Municipal);Las Palmas;Tías;35028;289788;-136687;3
35580;Castillo Del Aguila;Las Palmas;Yaiza;35034;289568;-137654;3
35580;Costa De Papagayo;Las Palmas;Yaiza;35034;289568;-137654;3
35580;San Marcial De Rubicon;Las Palmas;Yaiza;35034;289568;-137654;3
35580;Montaña Roja;Las Palmas;Yaiza;35034;288649;-138423;3
35580;Playa Blanca (Yaiza);Las Palmas;Yaiza;35034;289568;-137654;4
35580;Las Coloradas (Yaiza);Las Palmas;Yaiza;35034;289568;-137654;4
35600;Puerto Del Rosario (Capital Municipal);Las Palmas;Puerto del Rosario;35017;285004;-138627;3
35600;Llanos De La Mareta;Las Palmas;Puerto del Rosario;35017;285004;-138627;3
35600;El Matorral (Puerto Del Rosario);Las Palmas;Puerto del Rosario;35017;285004;-138627;4
35610;Salinas Del Carmen;Las Palmas;Puerto del Rosario;35017;28424;-138917;3
35610;Aeropuerto De Fuerteventura;Las Palmas;Puerto del Rosario;35017;28424;-138917;3
35610;Castillo De Caleta Fuste;Las Palmas;Puerto del Rosario;35017;28424;-138917;3
35610;Golf Club Fuerteventura;Las Palmas;Puerto del Rosario;35017;283877;-138674;4
35610;Caleta De Fuste;Las Palmas;Puerto del Rosario;35017;283964;-138588;4
35610;Costa De Antigua;Las Palmas;Puerto del Rosario;35017;284125;-138558;4
35610;El Castillo (Antigua);Las Palmas;Puerto del Rosario;35017;284231;-140138;4
35610;Barranco De La Torre;Las Palmas;Puerto del Rosario;35017;28424;-138917;3
35610;Barrio De Negrin (Puerto Del Rosario);Las Palmas;Puerto del Rosario;35017;285004;-138627;4
35610;Nuevo Horizonte (Urbanizacion);Las Palmas;Puerto del Rosario;35017;28424;-138917;3
35611;Casillas Del Angel;Las Palmas;Puerto del Rosario;35017;284898;-139659;4
35611;Tefia;Las Palmas;Puerto del Rosario;35017;285245;-139915;4
35611;Tao (Pto Del Rosario);Las Palmas;Puerto del Rosario;35017;285072;-139787;3
35611;Tesjuate;Las Palmas;Puerto del Rosario;35017;285072;-139787;3
35611;Colonia De Garcia Escamez;Las Palmas;Puerto del Rosario;35017;285072;-139787;3
35612;La Asomada (Puerto Del Rosario);Las Palmas;Puerto del Rosario;35017;285457;-138595;3
35612;Rosa De La Monja;Las Palmas;Puerto del Rosario;35017;285457;-138595;3
35612;Llanos Pelados;Las Palmas;Puerto del Rosario;35017;285457;-138595;3
35612;Guisguey;Las Palmas;Puerto del Rosario;35017;285573;-138774;4
35612;Los Estancos;Las Palmas;Puerto del Rosario;35017;285287;-139123;3
35612;Puerto Lajas;Las Palmas;Puerto del Rosario;35017;285406;-138394;4
35612;Rosa De La Arena;Las Palmas;Puerto del Rosario;35017;285457;-138595;3
35613;La Herradura (Pto Rosario);Las Palmas;Puerto del Rosario;35017;285368;-139442;3
35613;La Matilla;Las Palmas;Puerto del Rosario;35017;28561;-139596;4
35613;Tetir;Las Palmas;Puerto del Rosario;35017;285315;-139348;4
35613;El Time;Las Palmas;Puerto del Rosario;35017;28552;-13905;3
35613;Valhondo;Las Palmas;Puerto del Rosario;35017;285605;-139086;3
35613;Tamariche;Las Palmas;Puerto del Rosario;35017;285411;-139393;3
35620;Gran Tarajal;Las Palmas;Tuineje;35030;28213;-140225;4
35625;Morro Jable;Las Palmas;Pájara;35015;280536;-143537;4
35625;Las Gaviotas;Las Palmas;Pájara;35015;280574;-143186;4
35625;Solana Del Matorral;Las Palmas;Pájara;35015;280536;-143355;3
35626;Jandia;Las Palmas;Pájara;35015;280969;-142859;4
35626;Barranco Los Canarios;Las Palmas;Pájara;35015;280734;-143192;3
35626;Barranco Del Mal Nombre;Las Palmas;Pájara;35015;280734;-143192;3
35626;Esquinzo (Morro Jable);Las Palmas;Pájara;35015;280499;-143524;4
35627;Chilegua;Las Palmas;Tuineje;35030;282524;-141777;4
35627;Bahia Calma;Las Palmas;Tuineje;35030;28199;-141856;3
35627;Huertas De Chilegua;Las Palmas;Tuineje;35030;28199;-141856;3
35627;La Pared;Las Palmas;Tuineje;35030;28199;-141856;3
35627;Risco Del Gato;Las Palmas;Tuineje;35030;28199;-141856;3
35627;Los Albertos;Las Palmas;Tuineje;35030;28199;-141856;3
35627;Cañada Del Rio;Las Palmas;Tuineje;35030;28199;-141856;3
35627;La Lajita;Las Palmas;Tuineje;35030;281844;-141523;4
35627;Costa Calma;Las Palmas;Tuineje;35030;281648;-142312;4
35628;Toto;Las Palmas;Tuineje;35030;283594;-140867;4
35628;Ajuy;Las Palmas;Tuineje;35030;283996;-141555;4
35628;Mezquez;Las Palmas;Tuineje;35030;283685;-141157;3
35628;Pajara (Capital Municipal);Las Palmas;Tuineje;35030;283685;-141157;3
35628;El Cardon (Pajara);Las Palmas;Tuineje;35030;283504;-141076;4
35629;Montaña Hendida;Las Palmas;Tuineje;35030;282664;-141379;4
35629;Tenicosquey;Las Palmas;Tuineje;35030;283068;-139538;4
35629;Casa De Violante;Las Palmas;Tuineje;35030;28266;-140596;3
35629;Tamaretilla;Las Palmas;Tuineje;35030;28266;-140596;3
35629;Diego Alonso;Las Palmas;Tuineje;35030;28266;-140596;3
35629;El Charco (Tuineje);Las Palmas;Tuineje;35030;28266;-140596;3
35629;Puerto Azul (Urbanizacion);Las Palmas;Tuineje;35030;28266;-140596;3
35629;La Fuentita;Las Palmas;Tuineje;35030;28266;-140596;3
35629;Rosa De James;Las Palmas;Tuineje;35030;28266;-140596;3
35629;La Mata;Las Palmas;Tuineje;35030;28266;-140596;3
35629;La Calabaza;Las Palmas;Tuineje;35030;28266;-140596;3
35629;Mazacote;Las Palmas;Tuineje;35030;28266;-140596;3
35629;Piedra Hincada;Las Palmas;Tuineje;35030;28266;-140596;3
35629;Rosa Grande;Las Palmas;Tuineje;35030;28266;-140596;3
35629;Marcos Sanchez;Las Palmas;Tuineje;35030;28266;-140596;3
35629;Las Casitas;Las Palmas;Tuineje;35030;283072;-140596;3
35629;Tarajalejo;Las Palmas;Tuineje;35030;281927;-14117;4
35629;Las Playitas;Las Palmas;Tuineje;35030;282303;-139842;4
35629;Juan Gopar;Las Palmas;Tuineje;35030;282774;-140588;3
35629;Llano Florido;Las Palmas;Tuineje;35030;283201;-140483;3
35629;Tuineje;Las Palmas;Tuineje;35030;283245;-140455;4
35629;Tesejerague;Las Palmas;Tuineje;35030;282819;-141104;4
35630;La Antigua (Capital Municipal);Las Palmas;Antigua;35003;284037;-140125;1
35637;Llanos De La Concepcion;Las Palmas;Puerto del Rosario;35017;284756;-140324;4
35637;La Ampuyenta;Las Palmas;Puerto del Rosario;35017;284665;-139935;4
35637;Valle De Santa Ines;Las Palmas;Puerto del Rosario;35017;284597;-140398;4
35637;Vega De Rio Palmas;Las Palmas;Puerto del Rosario;35017;283913;-140853;4
35637;Betancuria;Las Palmas;Puerto del Rosario;35017;284244;-140569;4
35638;Tiscamanita;Las Palmas;Antigua;35003;283522;-140369;4
35638;Las Pocetas;Las Palmas;Antigua;35003;284;-14;4
35638;Casillas De Morales;Las Palmas;Antigua;35003;283769;-140083;4
35638;La Corte (Antigua);Las Palmas;Antigua;35003;283777;-140178;3
35638;Valles De Ortega;Las Palmas;Antigua;35003;283886;-140118;4
35638;Agua De Bueyes;Las Palmas;Antigua;35003;283706;-140286;4
35639;Pozo Negro;Las Palmas;Antigua;35003;283167;-138833;4
35639;Triquivijate;Las Palmas;Antigua;35003;284283;-139722;4
35639;Casas Del Hospinal;Las Palmas;Antigua;35003;283725;-139278;3
35639;Rosa Del Taro;Las Palmas;Antigua;35003;283725;-139278;3
35639;Alares;Las Palmas;Antigua;35003;283725;-139278;3
35639;Majada Blanca;Las Palmas;Antigua;35003;283725;-139278;3
35640;Villaverde;Las Palmas;Gáldar;35009;286303;-139039;4
35640;La Oliva;Las Palmas;Gáldar;35009;286126;-139282;3
35649;Parque Holandes;Las Palmas;Oliva, La;35014;286068;-138376;4
35649;Vallebron;Las Palmas;Oliva, La;35014;285667;-139167;4
35649;Tindaya;Las Palmas;Oliva, La;35014;285855;-139812;4
35649;Esquinzo (La Oliva);Las Palmas;Oliva, La;35014;285858;-139117;3
35649;La Caldereta (La Oliva);Las Palmas;Oliva, La;35014;285858;-139117;3
35649;Taca;Las Palmas;Oliva, La;35014;285858;-139117;3
35650;Los Lagos (Urbanizacion);Las Palmas;Oliva, La;35014;286833;-1401;3
35650;Lajares (La Oliva);Las Palmas;Oliva, La;35014;286833;-1401;3
35650;Majanicho;Las Palmas;Oliva, La;35014;286833;-1401;3
35650;El Roque (Cotillo);Las Palmas;Oliva, La;35014;286839;-1401;4
35650;El Cotillo;Las Palmas;Oliva, La;35014;286835;-140103;4
35660;Corralejo;Las Palmas;Tuineje;35030;287398;-138689;4
35660;Geafond;Las Palmas;Tuineje;35030;287118;-138713;3
35660;Lobos, Isla De;Las Palmas;Tuineje;35030;287308;-138675;3
35660;Tres Islas;Las Palmas;Tuineje;35030;287308;-138675;3
35660;Corralejo Playa;Las Palmas;Tuineje;35030;287312;-138654;3
38001;Santa Cruz De Tenerife;Santa Cruz de Tenerife;Santa Cruz de Tenerife;38038;284682;-162546;4
38002;Santa Cruz De Tenerife;Santa Cruz de Tenerife;Santa Cruz de Tenerife;38038;284682;-162546;4
38003;Santa Cruz De Tenerife;Santa Cruz de Tenerife;Santa Cruz de Tenerife;38038;284682;-162546;4
38004;Santa Cruz De Tenerife;Santa Cruz de Tenerife;Santa Cruz de Tenerife;38038;284682;-162546;4
38005;Santa Cruz De Tenerife;Santa Cruz de Tenerife;Santa Cruz de Tenerife;38038;284682;-162546;4
38006;Santa Cruz De Tenerife;Santa Cruz de Tenerife;Santa Cruz de Tenerife;38038;284682;-162546;4
38007;Santa Cruz De Tenerife;Santa Cruz de Tenerife;Santa Cruz de Tenerife;38038;284682;-162546;4
38008;Santa Cruz De Tenerife;Santa Cruz de Tenerife;Santa Cruz de Tenerife;38038;284682;-162546;4
38009;Santa Cruz De Tenerife;Santa Cruz de Tenerife;Santa Cruz de Tenerife;38038;284682;-162546;4
38010;Santa Cruz De Tenerife;Santa Cruz de Tenerife;Santa Cruz de Tenerife;38038;284682;-162546;4
38070;Santa Cruz De Tenerife;Santa Cruz de Tenerife;;;284682;-162546;4
38071;Santa Cruz De Tenerife;Santa Cruz de Tenerife;;;284682;-162546;4
38080;Santa Cruz De Tenerife;Santa Cruz de Tenerife;;;284682;-162546;4
38107;Santa Cruz De Tenerife;Santa Cruz de Tenerife;Santa Cruz de Tenerife;38038;284682;-162546;4
38107;La Gallega;Santa Cruz de Tenerife;Santa Cruz de Tenerife;38038;284289;-163198;3
38107;Llano Del Moro (Santa Cruz) (Ver Callejero De Santa Cruz De Tenerife);Santa Cruz de Tenerife;Santa Cruz de Tenerife;38038;284367;-163004;3
38107;Tincer;Santa Cruz de Tenerife;Santa Cruz de Tenerife;38038;284462;-163031;3
38107;El Rosarito;Santa Cruz de Tenerife;Santa Cruz de Tenerife;38038;284425;-163005;3
38107;El Sobradillo;Santa Cruz de Tenerife;Santa Cruz de Tenerife;38038;28447;-163095;3
38107;Barranco Grande;Santa Cruz de Tenerife;Santa Cruz de Tenerife;38038;284372;-163078;4
38107;El Tablero;Santa Cruz de Tenerife;Santa Cruz de Tenerife;38038;284177;-163235;4
38107;Las Veredillas;Santa Cruz de Tenerife;Santa Cruz de Tenerife;38038;284367;-163004;3
38107;El Pilar;Santa Cruz de Tenerife;Santa Cruz de Tenerife;38038;284228;-163184;4
38108;Las Chumberas;Santa Cruz de Tenerife;Santa Cruz de Tenerife;38038;284612;-163027;4
38108;Taco;Santa Cruz de Tenerife;Santa Cruz de Tenerife;38038;28439;-162967;4
38108;Los Andenes;Santa Cruz de Tenerife;Santa Cruz de Tenerife;38038;284479;-163045;3
38108;San Cristobal De La Laguna;Santa Cruz de Tenerife;Santa Cruz de Tenerife;38038;284853;-163201;4
38108;San Matias;Santa Cruz de Tenerife;Santa Cruz de Tenerife;38038;284656;-163081;3
38109;El Chorrillo;Santa Cruz de Tenerife;Rosario, El;38032;284153;-163233;1
38109;San Isidro (El Rosario);Santa Cruz de Tenerife;Rosario, El;38032;284491;-163037;1
38109;La Campana (Poligono Industrial);Santa Cruz de Tenerife;Rosario, El;38032;284491;-163037;1
38109;Radazul;Santa Cruz de Tenerife;Rosario, El;38032;284491;-163037;1
38109;Bocacangrejo (El Rosario);Santa Cruz de Tenerife;Rosario, El;38032;284491;-163037;1
38110;Santa Cruz De Tenerife;Santa Cruz de Tenerife;Santa Cruz de Tenerife;38038;284682;-162546;4
38110;El Mayorazgo (Poligono Industrial);Santa Cruz de Tenerife;Santa Cruz de Tenerife;38038;284682;-162546;3
38111;Santa Cruz De Tenerife;Santa Cruz de Tenerife;Santa Cruz de Tenerife;38038;284682;-162546;4
38111;Santa Maria Del Mar;Santa Cruz de Tenerife;Santa Cruz de Tenerife;38038;284253;-163036;4
38111;Añaza;Santa Cruz de Tenerife;Santa Cruz de Tenerife;38038;284241;-162998;3
38111;Alisios;Santa Cruz de Tenerife;Santa Cruz de Tenerife;38038;28429;-163078;3
38111;Acoran;Santa Cruz de Tenerife;Santa Cruz de Tenerife;38038;284161;-163045;3
38120;San Andres (Santa Cruz De Tenerife);Santa Cruz de Tenerife;Santa Cruz de Tenerife;38038;284682;-162546;4
38129;Lomo De Las Bodegas;Santa Cruz de Tenerife;Santa Cruz de Tenerife;38038;28562;-161557;4
38129;El Draguillo;Santa Cruz de Tenerife;Santa Cruz de Tenerife;38038;285767;-161762;4
38129;Almaciga;Santa Cruz de Tenerife;Santa Cruz de Tenerife;38038;285701;-16198;4
38129;Chamorga;Santa Cruz de Tenerife;Santa Cruz de Tenerife;38038;285686;-161568;4
38129;El Suculum;Santa Cruz de Tenerife;Santa Cruz de Tenerife;38038;285121;-161891;3
38129;Benijo;Santa Cruz de Tenerife;Santa Cruz de Tenerife;38038;285694;-161727;3
38129;Roque Bermejo;Santa Cruz de Tenerife;Santa Cruz de Tenerife;38038;285694;-161727;3
38129;El Bailadero;Santa Cruz de Tenerife;Santa Cruz de Tenerife;38038;285694;-161727;3
38129;La Cumbrilla;Santa Cruz de Tenerife;Santa Cruz de Tenerife;38038;285694;-161727;3
38130;Taganana;Santa Cruz de Tenerife;Santa Cruz de Tenerife;38038;285611;-162169;4
38139;Casas De La Cumbre;Santa Cruz de Tenerife;Santa Cruz de Tenerife;38038;285433;-162338;3
38139;Valle De Los Catalanes;Santa Cruz de Tenerife;Santa Cruz de Tenerife;38038;285433;-162338;3
38139;Afur;Santa Cruz de Tenerife;Santa Cruz de Tenerife;38038;285533;-162509;4
38139;Roque Negro;Santa Cruz de Tenerife;Santa Cruz de Tenerife;38038;285333;-162167;4
38140;Igueste De San Andres;Santa Cruz de Tenerife;Santa Cruz de Tenerife;38038;284882;-162553;1
38150;Las Cuevas;Santa Cruz de Tenerife;Santa Cruz de Tenerife;38038;284833;-162667;4
38150;Cardonera;Santa Cruz de Tenerife;Santa Cruz de Tenerife;38038;283154;-163705;4
38150;Valleseco;Santa Cruz de Tenerife;Santa Cruz de Tenerife;38038;284871;-162384;3
38160;Valle Tahodio;Santa Cruz de Tenerife;Santa Cruz de Tenerife;38038;28491;-16251;1
38160;Santa Cruz De Tenerife;Santa Cruz de Tenerife;Santa Cruz de Tenerife;38038;284882;-162553;1
38170;Santa Cruz De Tenerife;Santa Cruz de Tenerife;Santa Cruz de Tenerife;38038;284682;-162546;4
38170;Los Campitos;Santa Cruz de Tenerife;Santa Cruz de Tenerife;38038;28483;-162637;4
38180;Valle Crispin;Santa Cruz de Tenerife;Santa Cruz de Tenerife;38038;285157;-162376;4
38180;Maria Jimenez;Santa Cruz de Tenerife;Santa Cruz de Tenerife;38038;285104;-162317;4
38180;Darsena Pesquera;Santa Cruz de Tenerife;Santa Cruz de Tenerife;38038;285099;-162282;3
38180;Valle Brosque;Santa Cruz de Tenerife;Santa Cruz de Tenerife;38038;285176;-162273;4
38180;Cueva Bermeja;Santa Cruz de Tenerife;Santa Cruz de Tenerife;38038;284966;-162158;4
38190;Machado;Santa Cruz de Tenerife;Rosario, El;38032;284181;-163403;1
38190;Tabaiba (Urbanizacion);Santa Cruz de Tenerife;Rosario, El;38032;284882;-162553;1
38200;San Cristobal De La Laguna;Santa Cruz de Tenerife;;;284853;-163201;4
38201;San Cristobal De La Laguna;Santa Cruz de Tenerife;San Cristóbal de La Laguna;38023;284853;-163201;4
38202;San Cristobal De La Laguna;Santa Cruz de Tenerife;San Cristóbal de La Laguna;38023;284853;-163201;4
38203;San Cristobal De La Laguna;Santa Cruz de Tenerife;San Cristóbal de La Laguna;38023;284853;-163201;4
38204;San Cristobal De La Laguna;Santa Cruz de Tenerife;San Cristóbal de La Laguna;38023;284853;-163201;4
38205;San Cristobal De La Laguna;Santa Cruz de Tenerife;San Cristóbal de La Laguna;38023;284853;-163201;4
38206;San Cristobal De La Laguna;Santa Cruz de Tenerife;San Cristóbal de La Laguna;38023;284853;-163201;4
38207;San Cristobal De La Laguna;Santa Cruz de Tenerife;San Cristóbal de La Laguna;38023;284853;-163201;4
38208;San Cristobal De La Laguna;Santa Cruz de Tenerife;San Cristóbal de La Laguna;38023;284853;-163201;4
38240;Punta Del Hidalgo;Santa Cruz de Tenerife;San Cristóbal de La Laguna;38023;28562;-163325;4
38250;Bajamar;Santa Cruz de Tenerife;San Cristóbal de La Laguna;38023;285531;-163454;4
38260;Tejina;Santa Cruz de Tenerife;San Cristóbal de La Laguna;38023;285336;-163617;4
38270;Valle Guerra;Santa Cruz de Tenerife;San Cristóbal de La Laguna;38023;285167;-163833;4
38280;Tegueste;Santa Cruz de Tenerife;Tegueste;38046;285231;-163387;4
38290;La Esperanza;Santa Cruz de Tenerife;Rosario, El;38032;284514;-163667;4
38290;Las Barreras;Santa Cruz de Tenerife;Rosario, El;38032;284171;-16365;3
38290;Lomo Pelado;Santa Cruz de Tenerife;Rosario, El;38032;284409;-163667;4
38290;Las Rosas (Esperanza, La);Santa Cruz de Tenerife;Rosario, El;38032;284507;-163692;4
38290;Llano Del Moro (El Rosario);Santa Cruz de Tenerife;Rosario, El;38032;284466;-163699;3
38290;Peñafiel;Santa Cruz de Tenerife;Rosario, El;38032;284466;-163699;3
38290;Preventorio;Santa Cruz de Tenerife;Rosario, El;38032;284466;-163699;3
38291;San Cristobal De La Laguna;Santa Cruz de Tenerife;San Cristóbal de La Laguna;38023;284853;-163201;4
38291;Los Baldios;Santa Cruz de Tenerife;San Cristóbal de La Laguna;38023;284669;-163277;4
38291;Mina;Santa Cruz de Tenerife;San Cristóbal de La Laguna;38023;284761;-163239;3
38292;Pedro Alvarez;Santa Cruz de Tenerife;Tegueste;38046;28519;-163238;4
38292;Portezuelo;Santa Cruz de Tenerife;Tegueste;38046;284984;-163589;4
38292;El Socorro (Tegueste);Santa Cruz de Tenerife;Tegueste;38046;285167;-163167;4
38292;Padilla Baja;Santa Cruz de Tenerife;Tegueste;38046;285039;-163622;3
38292;El Infierno;Santa Cruz de Tenerife;Tegueste;38046;285114;-163514;3
38293;Mercedes, Las, De (Carretera);Santa Cruz de Tenerife;Tegueste;38046;284853;-163201;3
38293;Camino De Jardina;Santa Cruz de Tenerife;Tegueste;38046;284853;-163201;3
38293;San Cristobal De La Laguna;Santa Cruz de Tenerife;Tegueste;38046;284853;-163201;4
38294;Las Carboneras;Santa Cruz de Tenerife;Santa Cruz de Tenerife;38038;285538;-162766;4
38294;Taborno;Santa Cruz de Tenerife;Santa Cruz de Tenerife;38038;285566;-162642;4
38294;Cruz Del Carmen;Santa Cruz de Tenerife;Santa Cruz de Tenerife;38038;284445;-162754;4
38294;Chinamada;Santa Cruz de Tenerife;Santa Cruz de Tenerife;38038;285607;-162913;4
38294;Batan De Arriba;Santa Cruz de Tenerife;Santa Cruz de Tenerife;38038;285379;-162837;4
38294;Rio;Santa Cruz de Tenerife;Santa Cruz de Tenerife;38038;285316;-162794;3
38294;Bejia;Santa Cruz de Tenerife;Santa Cruz de Tenerife;38038;285316;-162794;3
38294;Batan De Abajo;Santa Cruz de Tenerife;Santa Cruz de Tenerife;38038;285447;-16298;4
38296;San Cristobal De La Laguna;Santa Cruz de Tenerife;San Cristóbal de La Laguna;38023;284853;-163201;4
38296;San Miguel De Geneto;Santa Cruz de Tenerife;San Cristóbal de La Laguna;38023;284586;-163252;4
38297;Aeropuerto De Los Rodeos, Residencial (Zona);Santa Cruz de Tenerife;Tegueste;38046;284968;-163176;1
38297;Garimba;Santa Cruz de Tenerife;Tegueste;38046;284968;-163176;1
38297;Aeropuerto De Los Rodeos (Santa Cruz De Tenerife);Santa Cruz de Tenerife;Tegueste;38046;284968;-163176;1
38297;Hoya Del Camello;Santa Cruz de Tenerife;Tegueste;38046;284968;-163176;1
38297;Ortigal;Santa Cruz de Tenerife;Tegueste;38046;284968;-163176;1
38300;Parque Nacional Teide;Santa Cruz de Tenerife;Orotava, La;38026;283908;-165231;3
38300;Las Cañadas Del Teide;Santa Cruz de Tenerife;Orotava, La;38026;283908;-165231;3
38300;La Orotava;Santa Cruz de Tenerife;Orotava, La;38026;283905;-165227;4
38310;Hacienda Perdida;Santa Cruz de Tenerife;Orotava, La;38026;283786;-165155;3
38310;Chasna;Santa Cruz de Tenerife;Orotava, La;38026;283696;-165275;3
38310;Aguamansa;Santa Cruz de Tenerife;Orotava, La;38026;283677;-165021;4
38310;Pinoleris;Santa Cruz de Tenerife;Orotava, La;38026;283783;-164999;3
38310;El Sauce;Santa Cruz de Tenerife;Orotava, La;38026;283694;-165156;4
38310;El Bebedero;Santa Cruz de Tenerife;Orotava, La;38026;283747;-165097;3
38310;El Montijo;Santa Cruz de Tenerife;Orotava, La;38026;283613;-16492;3
38310;Posada De Montenegro;Santa Cruz de Tenerife;Orotava, La;38026;283613;-16492;3
38310;La Sierra;Santa Cruz de Tenerife;Orotava, La;38026;283613;-16492;3
38310;Tres Pinos (Aguamansa);Santa Cruz de Tenerife;Orotava, La;38026;283587;-164963;4
38311;Los Gomez;Santa Cruz de Tenerife;Orotava, La;38026;283897;-165064;3
38311;Humboldt (Urbanizacion);Santa Cruz de Tenerife;Orotava, La;38026;283897;-165064;3
38311;La Hondura;Santa Cruz de Tenerife;Orotava, La;38026;283897;-165064;3
38311;Florida Alta;Santa Cruz de Tenerife;Orotava, La;38026;283897;-165064;3
38311;La Florida;Santa Cruz de Tenerife;Orotava, La;38026;283887;-165041;4
38311;Los Frontones;Santa Cruz de Tenerife;Orotava, La;38026;283859;-1651;3
38311;Dehesa Alta;Santa Cruz de Tenerife;Orotava, La;38026;283885;-165122;3
38311;Pino Alto;Santa Cruz de Tenerife;Orotava, La;38026;284006;-16501;3
38312;La Luz;Santa Cruz de Tenerife;Orotava, La;38026;283872;-165531;4
38312;Cruz De Los Martillos;Santa Cruz de Tenerife;Orotava, La;38026;283667;-165333;3
38312;San Jeronimo (La Orotava);Santa Cruz de Tenerife;Orotava, La;38026;283667;-165333;3
38312;Las Arenas (La Orotava);Santa Cruz de Tenerife;Orotava, La;38026;283667;-165333;3
38312;Las Candias;Santa Cruz de Tenerife;Orotava, La;38026;283667;-165333;3
38313;Benijos;Santa Cruz de Tenerife;Orotava, La;38026;283597;-165489;1
38314;Los Rechazos;Santa Cruz de Tenerife;Orotava, La;38026;284051;-16519;3
38314;La Ratona;Santa Cruz de Tenerife;Orotava, La;38026;283942;-165255;3
38314;Las Cuevas (La Orotava) (Urbanizacion);Santa Cruz de Tenerife;Orotava, La;38026;283908;-165231;4
38314;El Rincon (La Orotava);Santa Cruz de Tenerife;Orotava, La;38026;283908;-165231;4
38314;San Bartolome (La Orotava);Santa Cruz de Tenerife;Orotava, La;38026;283908;-165231;4
38314;El Durazno;Santa Cruz de Tenerife;Orotava, La;38026;284044;-165326;4
38315;La Aza;Santa Cruz de Tenerife;Orotava, La;38026;28378;-1655;3
38315;La Perdoma;Santa Cruz de Tenerife;Orotava, La;38026;283781;-165517;4
38320;La Cuesta;Santa Cruz de Tenerife;Santa Cruz de Tenerife;38038;284692;-162882;3
38320;San Cristobal De La Laguna;Santa Cruz de Tenerife;Santa Cruz de Tenerife;38038;284853;-163201;4
38320;Santa Cruz De Tenerife;Santa Cruz de Tenerife;Santa Cruz de Tenerife;38038;284853;-163201;4
38329;Lomo De Las Casillas;Santa Cruz de Tenerife;San Cristóbal de La Laguna;38023;284853;-163201;3
38329;San Cristobal De La Laguna;Santa Cruz de Tenerife;San Cristóbal de La Laguna;38023;284853;-163201;4
38329;Valle Tabares;Santa Cruz de Tenerife;San Cristóbal de La Laguna;38023;284853;-163201;3
38329;Valle Jimenez;Santa Cruz de Tenerife;San Cristóbal de La Laguna;38023;284853;-163201;3
38330;Guamasa;Santa Cruz de Tenerife;San Cristóbal de La Laguna;38023;2849;-163772;4
38330;El Pulpito;Santa Cruz de Tenerife;San Cristóbal de La Laguna;38023;284833;-1635;3
38340;Campo De Golf (Tacoronte);Santa Cruz de Tenerife;Tacoronte;38043;28491;-163864;3
38340;La Luz (Tacoronte);Santa Cruz de Tenerife;Tacoronte;38043;28491;-163864;3
38340;Los Naranjeros;Santa Cruz de Tenerife;Tacoronte;38043;284849;-163923;3
38340;La Caridad;Santa Cruz de Tenerife;Tacoronte;38043;284938;-163859;4
38350;Tacoronte;Santa Cruz de Tenerife;Tacoronte;38043;284756;-164179;4
38350;El Cantiillo (Tacoronte);Santa Cruz de Tenerife;Tacoronte;38043;284769;-164102;4
38350;El Torreon;Santa Cruz de Tenerife;Tacoronte;38043;284769;-164102;3
38355;Barranco De Las Lajas;Santa Cruz de Tenerife;Tacoronte;38043;284639;-164076;3
38355;Agua Garcia;Santa Cruz de Tenerife;Tacoronte;38043;284639;-164076;4
38356;San Juan Perales;Santa Cruz de Tenerife;Tacoronte;38043;285013;-16405;3
38356;San Jeronimo (Tacoronte);Santa Cruz de Tenerife;Tacoronte;38043;284769;-164102;4
38357;Las Casas Altas;Santa Cruz de Tenerife;Tacoronte;38043;284765;-164023;1
38357;Lomo Colorado;Santa Cruz de Tenerife;Tacoronte;38043;284882;-163967;1
38357;El Adelantado;Santa Cruz de Tenerife;Tacoronte;38043;284786;-164111;1
38358;Juan Fernandez;Santa Cruz de Tenerife;Tacoronte;38043;284985;-164174;3
38358;Santa Catalina Las Toscas;Santa Cruz de Tenerife;Tacoronte;38043;284985;-164174;3
38358;Mesa Del Mar (Urbanizacion);Santa Cruz de Tenerife;Tacoronte;38043;284985;-164174;3
38358;El Pris;Santa Cruz de Tenerife;Tacoronte;38043;285089;-164196;3
38358;Guayonje;Santa Cruz de Tenerife;Tacoronte;38043;284931;-164204;3
38358;Tagoro;Santa Cruz de Tenerife;Tacoronte;38043;285096;-164088;3
38358;Puerto La Madera;Santa Cruz de Tenerife;Tacoronte;38043;284985;-164174;4
38359;Ravelo;Santa Cruz de Tenerife;Sauzal, El;38041;284786;-164111;1
38359;Valle Forestal (Urbanizacion);Santa Cruz de Tenerife;Sauzal, El;38041;284786;-164111;1
38360;El Sauzal;Santa Cruz de Tenerife;Sauzal, El;38041;284735;-164364;4
38360;El Puertito;Santa Cruz de Tenerife;Sauzal, El;38041;2855;-163333;4
38360;Los Angeles (Urbanizacion);Santa Cruz de Tenerife;Sauzal, El;38041;285083;-16375;3
38370;La Matanza De Acentejo;Santa Cruz de Tenerife;La Matanza de Acentejo;38025;284524;-164472;4
38379;Chamiana;Santa Cruz de Tenerife;La Matanza de Acentejo;38025;284524;-164472;1
38379;Jagre;Santa Cruz de Tenerife;La Matanza de Acentejo;38025;284463;-164659;1
38379;San Antonio;Santa Cruz de Tenerife;La Matanza de Acentejo;38025;284393;-164568;1
38379;Toscas De Guia;Santa Cruz de Tenerife;La Matanza de Acentejo;38025;284524;-164472;1
38379;Puntillo Del Sol;Santa Cruz de Tenerife;La Matanza de Acentejo;38025;284524;-164472;1
38380;La Victoria De Acentejo;Santa Cruz de Tenerife;Victoria de Acentejo, La;38051;284323;-164623;4
38389;La Resbala (La Victoria);Santa Cruz de Tenerife;Victoria de Acentejo, La;38051;284323;-164623;4
38389;Los Altos-Arroyos;Santa Cruz de Tenerife;Victoria de Acentejo, La;38051;284323;-164623;3
38389;La Vera-Carril;Santa Cruz de Tenerife;Victoria de Acentejo, La;38051;284263;-164682;3
38390;La Vera (Santa Ursula);Santa Cruz de Tenerife;Santa Úrsula;38039;284261;-164888;4
38390;Santa Ursula;Santa Cruz de Tenerife;Santa Úrsula;38039;284261;-164888;4
38390;Cuesta De La Villa;Santa Cruz de Tenerife;Santa Úrsula;38039;284261;-164888;3
38390;Quinta;Santa Cruz de Tenerife;Santa Úrsula;38039;284261;-164888;3
38390;Lomo Roman;Santa Cruz de Tenerife;Santa Úrsula;38039;284261;-164888;3
38398;Tosca De Barrio;Santa Cruz de Tenerife;Santa Úrsula;38039;284234;-164899;1
38398;Tosca De Anamaria;Santa Cruz de Tenerife;Santa Úrsula;38039;284234;-164899;1
38398;Farrobillo;Santa Cruz de Tenerife;Santa Úrsula;38039;284234;-164899;1
38399;Cantillo;Santa Cruz de Tenerife;Santa Úrsula;38039;284207;-16491;3
38399;La Corujera;Santa Cruz de Tenerife;Santa Úrsula;38039;284152;-164935;4
38399;Tamaide (Santa Ursula);Santa Cruz de Tenerife;Santa Úrsula;38039;284261;-164888;4
38400;Puerto De La Cruz;Santa Cruz de Tenerife;Puerto de la Cruz;38028;28414;-165487;4
38410;Realejo Alto;Santa Cruz de Tenerife;Realejos, Los;38031;283779;-165835;4
38410;Los Realejos;Santa Cruz de Tenerife;Realejos, Los;38031;283674;-165833;4
38411;El Mocan (Los Realejos);Santa Cruz de Tenerife;;;283674;-165833;4
38411;El Horno (Los Realejos);Santa Cruz de Tenerife;;;283674;-165833;4
38412;Realejo Bajo;Santa Cruz de Tenerife;Realejos, Los;38031;28385;-165879;4
38413;Cruz Santa;Santa Cruz de Tenerife;Realejos, Los;38031;283774;-165661;4
38413;La Ferruja (Realejos, Los);Santa Cruz de Tenerife;Realejos, Los;38031;283674;-165833;4
38414;Icod El Alto;Santa Cruz de Tenerife;Realejos, Los;38031;283667;-166;4
38415;Llanadas;Santa Cruz de Tenerife;Realejos, Los;38031;283525;-165838;4
38415;Palo Blanco (Los Realejos);Santa Cruz de Tenerife;Realejos, Los;38031;283674;-165833;4
38416;Tigaiga;Santa Cruz de Tenerife;Realejos, Los;38031;283839;-165969;4
38417;El Toscal (Los Realejos);Santa Cruz de Tenerife;Realejos, Los;38031;283674;-165833;4
38418;Longuera;Santa Cruz de Tenerife;Realejos, Los;38031;28366;-165919;1
38419;La Grimona (Urbanizacion);Santa Cruz de Tenerife;Realejos, Los;38031;283579;-166411;3
38419;Zamora Alta;Santa Cruz de Tenerife;Realejos, Los;38031;283579;-166411;3
38419;El Jardin (Los Realejos);Santa Cruz de Tenerife;Realejos, Los;38031;283674;-165833;4
38419;San Benito (Los Realejos);Santa Cruz de Tenerife;Realejos, Los;38031;283674;-165833;4
38419;La Montañeta;Santa Cruz de Tenerife;Realejos, Los;38031;283858;-165613;4
38419;La Carrera;Santa Cruz de Tenerife;Realejos, Los;38031;283868;-165767;3
38420;San Juan De La Rambla;Santa Cruz de Tenerife;San Juan de la Rambla;38034;283928;-166501;4
38428;San Jose;Santa Cruz de Tenerife;San Juan de la Rambla;38034;284311;-163747;3
38428;Los Quevedos;Santa Cruz de Tenerife;San Juan de la Rambla;38034;283809;-166421;3
38428;Rosas;Santa Cruz de Tenerife;San Juan de la Rambla;38034;284311;-163747;4
38429;Las Aguas;Santa Cruz de Tenerife;San Juan de la Rambla;38034;283962;-166412;4
38430;San Felipe;Santa Cruz de Tenerife;Icod de los Vinos;38022;28378;-167146;4
38430;Icod;Santa Cruz de Tenerife;Icod de los Vinos;38022;283724;-167119;4
38430;San Marcos, De (Playa);Santa Cruz de Tenerife;Icod de los Vinos;38022;283717;-167167;3
38434;Las Cañas;Santa Cruz de Tenerife;Icod de los Vinos;38022;28319;-168344;1
38434;Santa Barbara;Santa Cruz de Tenerife;Icod de los Vinos;38022;28319;-168344;1
38434;Llanito Perera;Santa Cruz de Tenerife;Icod de los Vinos;38022;283585;-16692;1
38434;La Mancha;Santa Cruz de Tenerife;Icod de los Vinos;38022;283748;-166971;1
38434;Buen Paso;Santa Cruz de Tenerife;Icod de los Vinos;38022;283811;-166845;1
38434;Belmonte Bajo;Santa Cruz de Tenerife;Icod de los Vinos;38022;28319;-168344;1
38434;Peniche;Santa Cruz de Tenerife;Icod de los Vinos;38022;28319;-168344;1
38434;La Florida (Icod);Santa Cruz de Tenerife;Icod de los Vinos;38022;28319;-168344;1
38435;San Jose De Los Llanos;Santa Cruz de Tenerife;Silos, Los;38042;283346;-167899;3
38435;Erjos;Santa Cruz de Tenerife;Silos, Los;38042;283283;-168056;4
38435;El Tanque;Santa Cruz de Tenerife;Silos, Los;38042;283587;-167781;3
38435;La Tierra Del Trigo;Santa Cruz de Tenerife;Silos, Los;38042;283538;-168029;4
38435;Ruigomez;Santa Cruz de Tenerife;Silos, Los;38042;283333;-167833;4
38438;La Patita;Santa Cruz de Tenerife;Icod de los Vinos;38022;283559;-167078;3
38438;Pedregal;Santa Cruz de Tenerife;Icod de los Vinos;38022;283623;-167129;3
38438;El Amparo;Santa Cruz de Tenerife;Icod de los Vinos;38022;283558;-167139;4
38438;Cueva Del Viento;Santa Cruz de Tenerife;Icod de los Vinos;38022;283539;-167144;3
38439;Cruz Del Camino;Santa Cruz de Tenerife;Icod de los Vinos;38022;281315;-173237;3
38439;Fuente La Vega;Santa Cruz de Tenerife;Icod de los Vinos;38022;281315;-173237;3
38439;Mirabal;Santa Cruz de Tenerife;Icod de los Vinos;38022;281315;-173237;3
38439;La Vega Alta;Santa Cruz de Tenerife;Icod de los Vinos;38022;281315;-173237;3
38439;Las Abiertas;Santa Cruz de Tenerife;Icod de los Vinos;38022;283415;-167323;3
38439;La Vega;Santa Cruz de Tenerife;Icod de los Vinos;38022;283552;-167356;4
38440;La Guancha;Santa Cruz de Tenerife;La Guancha;38018;283748;-166532;1
38440;Lomo Blanco (Guancha, La);Santa Cruz de Tenerife;La Guancha;38018;28358;-166928;1
38441;El Convento (La Guancha);Santa Cruz de Tenerife;La Guancha;38018;28358;-166928;1
38441;Las Longueras;Santa Cruz de Tenerife;La Guancha;38018;28358;-166928;1
38441;Las Montañetas (La Guancha);Santa Cruz de Tenerife;La Guancha;38018;28358;-166928;1
38441;Santa Catalina (La Guancha);Santa Cruz de Tenerife;La Guancha;38018;28358;-166928;1
38441;Las Crucitas (La Guancha);Santa Cruz de Tenerife;La Guancha;38018;28358;-166928;1
38441;Tierra De Costa;Santa Cruz de Tenerife;La Guancha;38018;28358;-166928;1
38441;Santo Domingo;Santa Cruz de Tenerife;La Guancha;38018;2839;-166726;1
38449;El Pinalete;Santa Cruz de Tenerife;La Guancha;38018;283746;-166638;1
38449;La Sorriba;Santa Cruz de Tenerife;La Guancha;38018;28358;-166928;1
38449;Llano Mendez;Santa Cruz de Tenerife;La Guancha;38018;28358;-166928;1
38449;Hoya Pablos;Santa Cruz de Tenerife;La Guancha;38018;28358;-166928;1
38450;Garachico;Santa Cruz de Tenerife;Garachico;38015;283725;-167634;4
38458;El Guincho (Garachico);Santa Cruz de Tenerife;Garachico;38015;283677;-167571;1
38459;Genoves;Santa Cruz de Tenerife;Garachico;38015;283655;-167437;4
38459;La Montañeta (Garachico);Santa Cruz de Tenerife;Garachico;38015;283737;-167634;4
38459;San Juan Del Reparo;Santa Cruz de Tenerife;Garachico;38015;28358;-167578;4
38460;San Pedro De Daute;Santa Cruz de Tenerife;Silos, Los;38042;283667;-1675;4
38460;Las Cruces (Garachico);Santa Cruz de Tenerife;Silos, Los;38042;283667;-1675;3
38460;La Caleta De Interian;Santa Cruz de Tenerife;Silos, Los;38042;283667;-1675;3
38460;Caleta De Silos;Santa Cruz de Tenerife;Silos, Los;38042;283667;-1675;3
38460;Casa Amarilla;Santa Cruz de Tenerife;Silos, Los;38042;283744;-167963;3
38470;Los Silos;Santa Cruz de Tenerife;Silos, Los;38042;283659;-168168;4
38470;El Casco;Santa Cruz de Tenerife;Silos, Los;38042;283661;-168155;3
38479;Barrio De San Jose Bajo;Santa Cruz de Tenerife;Buenavista del Norte;38010;283661;-168155;1
38479;San Bernardo;Santa Cruz de Tenerife;Buenavista del Norte;38010;283683;-168346;1
38479;Sibora;Santa Cruz de Tenerife;Buenavista del Norte;38010;28376;-16812;1
38479;Puertito De Los Silos;Santa Cruz de Tenerife;Buenavista del Norte;38010;283661;-168155;1
38480;Buenavista Del Norte;Santa Cruz de Tenerife;Buenavista del Norte;38010;283746;-16861;4
38489;Masca;Santa Cruz de Tenerife;Buenavista del Norte;38010;28304;-168424;4
38489;Lagunetas (Buenavista);Santa Cruz de Tenerife;Buenavista del Norte;38010;283185;-168499;3
38489;Los Carrizales;Santa Cruz de Tenerife;Buenavista del Norte;38010;283213;-168646;4
38489;Las Portelas;Santa Cruz de Tenerife;Buenavista del Norte;38010;283267;-168444;3
38489;El Palmar;Santa Cruz de Tenerife;Buenavista del Norte;38010;283452;-168463;3
38489;Teno;Santa Cruz de Tenerife;Buenavista del Norte;38010;283333;-1685;4
38500;Guimar;Santa Cruz de Tenerife;Güímar;38020;283039;-164325;4
38508;El Puertito De Guimar;Santa Cruz de Tenerife;Güímar;38020;283186;-163996;1
38508;El Socorro (Guimar);Santa Cruz de Tenerife;Güímar;38020;283186;-163996;1
38509;Candelaria, Industrial (Paseo);Santa Cruz de Tenerife;Candelaria;38011;283333;-163667;3
38509;La Viuda;Santa Cruz de Tenerife;Candelaria;38011;283408;-163677;4
38509;Brillasol;Santa Cruz de Tenerife;Candelaria;38011;283651;-163725;3
38509;Aroba;Santa Cruz de Tenerife;Candelaria;38011;283605;-163741;3
38510;Barranco Hondo;Santa Cruz de Tenerife;Rosario, El;38032;283985;-163547;4
38520;Igueste De Candelaria;Santa Cruz de Tenerife;Candelaria;38011;285238;-161575;4
38530;Candelaria;Santa Cruz de Tenerife;Candelaria;38011;283553;-163706;4
38530;Las Caletillas;Santa Cruz de Tenerife;Candelaria;38011;28377;-163622;4
38540;Las Cuevecitas;Santa Cruz de Tenerife;Candelaria;38011;283559;-163936;4
38540;Araya;Santa Cruz de Tenerife;Candelaria;38011;283623;-16391;4
38540;Malpais (Araya);Santa Cruz de Tenerife;Candelaria;38011;283604;-163955;4
38550;El Carreton;Santa Cruz de Tenerife;Arafo;38004;283285;-163831;4
38550;La Hidalga;Santa Cruz de Tenerife;Arafo;38004;283341;-16395;4
38550;Arafo;Santa Cruz de Tenerife;Arafo;38004;283389;-164195;4
38560;La Medida;Santa Cruz de Tenerife;Güímar;38020;282806;-164085;4
38560;Pajara (Guimar);Santa Cruz de Tenerife;Güímar;38020;282802;-164085;3
38560;Punta Prieta;Santa Cruz de Tenerife;Güímar;38020;282802;-164085;3
38570;Fasnia;Santa Cruz de Tenerife;Fasnia;38012;282375;-164406;4
38570;Los Roque (Fasnia);Santa Cruz de Tenerife;Fasnia;38012;282364;-164389;4
38570;Las Eras (Fasnia);Santa Cruz de Tenerife;Fasnia;38012;282364;-164389;4
38579;La Zarza;Santa Cruz de Tenerife;Fasnia;38012;282359;-164557;1
38579;La Sombrera (Fasnia);Santa Cruz de Tenerife;Fasnia;38012;282364;-164389;1
38579;Sabina Alta (Fasnia);Santa Cruz de Tenerife;Fasnia;38012;282364;-164389;1
38580;Villa De Arico;Santa Cruz de Tenerife;Arico;38005;281655;-164765;1
38588;San Miguel De Tajao;Santa Cruz de Tenerife;Arico;38005;281505;-164321;3
38588;Punta De Abona;Santa Cruz de Tenerife;Arico;38005;281505;-164321;3
38588;Faro De Abona;Santa Cruz de Tenerife;Arico;38005;281505;-164321;3
38588;La Jaca;Santa Cruz de Tenerife;Arico;38005;281216;-164639;3
38588;Poris De Abona;Santa Cruz de Tenerife;Arico;38005;281505;-164321;4
38588;Casablanca (Poris);Santa Cruz de Tenerife;Arico;38005;281505;-164321;4
38589;Arico El Nuevo;Santa Cruz de Tenerife;Arico;38005;28177;-16483;4
38589;La Degollada (Arico);Santa Cruz de Tenerife;Arico;38005;281667;-164833;4
38589;Los Gavilanes;Santa Cruz de Tenerife;Arico;38005;281725;-164952;4
38589;La Sabinita;Santa Cruz de Tenerife;Arico;38005;281804;-164955;4
38589;La Cisnera;Santa Cruz de Tenerife;Arico;38005;281627;-165105;4
38589;Teguedite;Santa Cruz de Tenerife;Arico;38005;281716;-164943;3
38589;Arico El Viejo;Santa Cruz de Tenerife;Arico;38005;281716;-164943;3
38590;Lomo De Mena;Santa Cruz de Tenerife;Güímar;38020;282705;-164202;4
38591;Aguerche;Santa Cruz de Tenerife;Güímar;38020;282606;-164297;3
38591;El Tablado;Santa Cruz de Tenerife;Güímar;38020;282409;-16403;3
38591;El Escobonal;Santa Cruz de Tenerife;Güímar;38020;282619;-164268;4
38591;Chimaje;Santa Cruz de Tenerife;Güímar;38020;282479;-164;3
38592;Icor;Santa Cruz de Tenerife;Arico;38005;282033;-164572;4
38592;Las Eras (Arico);Santa Cruz de Tenerife;Arico;38005;28177;-16483;4
38593;El Rio De Arico;Santa Cruz de Tenerife;Arico;38005;281414;-165238;4
38594;Las Rosas (Granadilla);Santa Cruz de Tenerife;Granadilla de Abona;38017;281294;-165294;3
38594;Chimiche;Santa Cruz de Tenerife;Granadilla de Abona;38017;281282;-165275;4
38594;Las Vegas (Granadilla);Santa Cruz de Tenerife;Granadilla de Abona;38017;281294;-165294;3
38595;Charco Del Pino;Santa Cruz de Tenerife;Granadilla de Abona;38017;281083;-165936;4
38600;Granadilla;Santa Cruz de Tenerife;Granadilla de Abona;38017;281188;-16576;4
38610;Aeropuerto Reina Sofia (Santa Cruz De Tenerife);Santa Cruz de Tenerife;;;284682;-162546;4
38611;Castro;Santa Cruz de Tenerife;Granadilla de Abona;38017;280844;-165586;4
38611;San Isidro De Abona;Santa Cruz de Tenerife;Granadilla de Abona;38017;280762;-16558;4
38611;Casablanca (Granadilla);Santa Cruz de Tenerife;Granadilla de Abona;38017;280727;-165684;3
38611;Montaña De Yaco;Santa Cruz de Tenerife;Granadilla de Abona;38017;280727;-165684;3
38611;Vistas De Yaco;Santa Cruz de Tenerife;Granadilla de Abona;38017;280727;-165684;3
38611;Chuchurumbache;Santa Cruz de Tenerife;Granadilla de Abona;38017;280738;-165623;3
38611;Atogo;Santa Cruz de Tenerife;Granadilla de Abona;38017;280607;-165864;4
38612;El Medano;Santa Cruz de Tenerife;Granadilla de Abona;38017;280462;-165363;4
38613;Vilaflor;Santa Cruz de Tenerife;Vilaflor;38052;281562;-166359;4
38614;La Escalona;Santa Cruz de Tenerife;Vilaflor;38052;281209;-166702;1
38615;Ifonche;Santa Cruz de Tenerife;Adeje;38001;281333;-166833;4
38615;Trevejos;Santa Cruz de Tenerife;Adeje;38001;281393;-166615;4
38616;Los Blanquitos;Santa Cruz de Tenerife;Granadilla de Abona;38017;28124;-165554;3
38616;Los Barrancos;Santa Cruz de Tenerife;Granadilla de Abona;38017;281324;-165724;3
38616;Vicacaro;Santa Cruz de Tenerife;Granadilla de Abona;38017;281261;-165711;4
38616;El Desierto;Santa Cruz de Tenerife;Granadilla de Abona;38017;281138;-165545;3
38616;Cruz De Tea (Granadilla);Santa Cruz de Tenerife;Granadilla de Abona;38017;281254;-165733;3
38616;Cruz De Las Animas;Santa Cruz de Tenerife;Granadilla de Abona;38017;281254;-165733;3
38616;Chavez;Santa Cruz de Tenerife;Granadilla de Abona;38017;281254;-165733;3
38616;La Higuera (Granadilla);Santa Cruz de Tenerife;Granadilla de Abona;38017;281254;-165733;3
38617;Los Llanos (Granadilla);Santa Cruz de Tenerife;Granadilla de Abona;38017;281146;-165496;3
38617;Las Palomas;Santa Cruz de Tenerife;Granadilla de Abona;38017;281134;-165598;4
38617;El Draguito;Santa Cruz de Tenerife;Granadilla de Abona;38017;28113;-16564;4
38617;El Salto;Santa Cruz de Tenerife;Granadilla de Abona;38017;281055;-165603;3
38617;Yaco;Santa Cruz de Tenerife;Granadilla de Abona;38017;280931;-165682;3
38617;Vista Gorda;Santa Cruz de Tenerife;Granadilla de Abona;38017;280967;-165741;3
38618;Los Abrigos;Santa Cruz de Tenerife;Granadilla de Abona;38017;280297;-165916;4
38619;Granadilla (Poligono Industrial);Santa Cruz de Tenerife;;;281288;-16562;1
38620;San Miguel De Abona;Santa Cruz de Tenerife;San Miguel de Abona;38035;281181;-166025;1
38626;Cruz De Guanche;Santa Cruz de Tenerife;Arona;38006;282106;-165126;3
38626;Valle De San Lorenzo;Santa Cruz de Tenerife;Arona;38006;280879;-166586;4
38626;Los Toscales;Santa Cruz de Tenerife;Arona;38006;280787;-166633;4
38627;Cabo Blanco;Santa Cruz de Tenerife;Arona;38006;280723;-166715;4
38627;Buzanada;Santa Cruz de Tenerife;Arona;38006;280699;-166557;4
38627;La Camella;Santa Cruz de Tenerife;Arona;38006;280791;-166803;3
38627;Barranco Oscuro;Santa Cruz de Tenerife;Arona;38006;280775;-166596;3
38627;Los Bebederos;Santa Cruz de Tenerife;Arona;38006;280685;-166639;3
38628;Tamaide (San Miguel);Santa Cruz de Tenerife;San Miguel de Abona;38035;280667;-165833;3
38628;Asomada;Santa Cruz de Tenerife;San Miguel de Abona;38035;280979;-166238;3
38628;Aldea Blanca;Santa Cruz de Tenerife;San Miguel de Abona;38035;280677;-166271;3
38628;Las Zocas;Santa Cruz de Tenerife;San Miguel de Abona;38035;280814;-166082;4
38629;El Roque;Santa Cruz de Tenerife;San Miguel de Abona;38035;280936;-166354;4
38629;El Fronton;Santa Cruz de Tenerife;San Miguel de Abona;38035;281008;-166407;3
38629;Asomada Alta;Santa Cruz de Tenerife;San Miguel de Abona;38035;281008;-166407;3
38629;Jama;Santa Cruz de Tenerife;San Miguel de Abona;38035;281092;-166468;4
38630;Ten-Bel (Urbanizacion);Santa Cruz de Tenerife;Arona;38006;280044;-166413;3
38630;Costa Del Silencio;Santa Cruz de Tenerife;Arona;38006;280044;-166413;4
38631;Las Galletas;Santa Cruz de Tenerife;Arona;38006;280074;-166556;4
38631;Las Rosas (Las Galletas);Santa Cruz de Tenerife;Arona;38006;28;-1665;4
38632;Palm-Mar;Santa Cruz de Tenerife;Arona;38006;280232;-167009;3
38632;Guaza;Santa Cruz de Tenerife;Arona;38006;280497;-166774;4
38632;Cho;Santa Cruz de Tenerife;Arona;38006;280492;-166603;3
38632;Guargacho;Santa Cruz de Tenerife;Arona;38006;280346;-166399;4
38632;La Reina (Parque);Santa Cruz de Tenerife;Arona;38006;280351;-166607;3
38632;Fraile;Santa Cruz de Tenerife;Arona;38006;280351;-166607;3
38639;El Guincho (San Miguel);Santa Cruz de Tenerife;Arona;38006;280263;-166062;3
38639;Las Chafiras (San Miguel De Abona);Santa Cruz de Tenerife;Arona;38006;280263;-166062;3
38639;Amarilla Golf;Santa Cruz de Tenerife;Arona;38006;280236;-166182;3
38639;Golf Del Sur;Santa Cruz de Tenerife;Arona;38006;280263;-166062;4
38640;Arona;Santa Cruz de Tenerife;Arona;38006;280991;-166812;4
38649;Las Casas (Arona);Santa Cruz de Tenerife;Arona;38006;280996;-16681;4
38649;Tunez;Santa Cruz de Tenerife;Arona;38006;280996;-16681;3
38649;Montaña Fria;Santa Cruz de Tenerife;Arona;38006;280996;-16681;3
38649;Vento;Santa Cruz de Tenerife;Arona;38006;281014;-16687;3
38649;Sabinita Alta;Santa Cruz de Tenerife;Arona;38006;280893;-166774;3
38650;Playa De Los Cristianos;Santa Cruz de Tenerife;Arona;38006;281465;-166752;1
38652;Chayofa;Santa Cruz de Tenerife;Arona;38006;280742;-166959;1
38660;Costa Adeje;Santa Cruz de Tenerife;Adeje;38001;280696;-167303;4
38660;Costa Adeje-San Eugenio;Santa Cruz de Tenerife;Adeje;38001;281227;-16726;3
38660;Costa Adeje-Playas De Fañabe;Santa Cruz de Tenerife;Adeje;38001;281227;-16726;3
38660;La Caldera;Santa Cruz de Tenerife;Adeje;38001;281227;-16726;3
38670;Las Nieves;Santa Cruz de Tenerife;Adeje;38001;281316;-167453;1
38670;Las Torres;Santa Cruz de Tenerife;Adeje;38001;281316;-167453;1
38670;Adeje Casco;Santa Cruz de Tenerife;Adeje;38001;281316;-167453;1
38677;Las Moraditas (Adeje);Santa Cruz de Tenerife;Adeje;38001;281531;-167327;3
38677;La Quinta (Adeje);Santa Cruz de Tenerife;Adeje;38001;281531;-167327;3
38677;La Concepcion;Santa Cruz de Tenerife;Adeje;38001;281561;-167488;4
38677;Los Menores;Santa Cruz de Tenerife;Adeje;38001;281414;-167562;3
38677;Tijoco Bajo;Santa Cruz de Tenerife;Adeje;38001;281583;-16766;3
38677;Tijoco Alto;Santa Cruz de Tenerife;Adeje;38001;281686;-167341;3
38677;Taucho;Santa Cruz de Tenerife;Adeje;38001;281529;-167296;4
38678;Armeñime;Santa Cruz de Tenerife;Adeje;38001;281299;-167555;3
38678;Marazul;Santa Cruz de Tenerife;Adeje;38001;28144;-167932;3
38678;Callao Salvaje;Santa Cruz de Tenerife;Adeje;38001;281314;-167779;4
38678;Las Cancelas;Santa Cruz de Tenerife;Adeje;38001;281312;-16762;3
38678;El Puertito De Adeje;Santa Cruz de Tenerife;Adeje;38001;2813;-167826;3
38679;Fañabe;Santa Cruz de Tenerife;Adeje;38001;280903;-167332;4
38680;Guia De Isora;Santa Cruz de Tenerife;Guía de Isora;38019;282115;-167795;4
38683;Puerto De Santiago;Santa Cruz de Tenerife;Santiago del Teide;38040;282367;-168433;4
38683;Acantilados De Los Gigantes;Santa Cruz de Tenerife;Santiago del Teide;38040;282367;-168433;3
38684;Tamaimo (Santiago Del Teide);Santa Cruz de Tenerife;Santiago del Teide;38040;28294;-168162;4
38685;Tejina De Isora;Santa Cruz de Tenerife;Guía de Isora;38019;282237;-167943;1
38686;Cueva Del Polvo;Santa Cruz de Tenerife;Guía de Isora;38019;282141;-168328;3
38686;Alcala;Santa Cruz de Tenerife;Guía de Isora;38019;28202;-168278;4
38686;El Varadero;Santa Cruz de Tenerife;Guía de Isora;38019;282231;-168383;4
38687;Piedra Hincada;Santa Cruz de Tenerife;Guía de Isora;38019;281809;-16791;1
38687;Aponte;Santa Cruz de Tenerife;Guía de Isora;38019;282237;-167943;1
38687;Playa San Juan;Santa Cruz de Tenerife;Guía de Isora;38019;282237;-167943;1
38687;Aguadulce;Santa Cruz de Tenerife;Guía de Isora;38019;282237;-167943;1
38687;Fonsalia;Santa Cruz de Tenerife;Guía de Isora;38019;282237;-167943;1
38687;Abama;Santa Cruz de Tenerife;Guía de Isora;38019;282237;-167943;1
38688;La Gambueza;Santa Cruz de Tenerife;Guía de Isora;38019;282111;-167671;3
38688;El Pozo (Guia De Isora);Santa Cruz de Tenerife;Guía de Isora;38019;282111;-167671;3
38688;Lomo Del Balo (Guia I.);Santa Cruz de Tenerife;Guía de Isora;38019;282111;-167671;3
38688;Acojeja;Santa Cruz de Tenerife;Guía de Isora;38019;281965;-167626;4
38688;Chirche;Santa Cruz de Tenerife;Guía de Isora;38019;282191;-1676;4
38688;El Jaral;Santa Cruz de Tenerife;Guía de Isora;38019;282037;-167557;4
38688;Aripe;Santa Cruz de Tenerife;Guía de Isora;38019;282165;-167669;4
38688;Chiguergue;Santa Cruz de Tenerife;Guía de Isora;38019;282261;-167819;4
38688;Vera De Erques;Santa Cruz de Tenerife;Guía de Isora;38019;282111;-167671;3
38689;Chio;Santa Cruz de Tenerife;Guía de Isora;38019;282353;-167971;4
38690;Molledo;Santa Cruz de Tenerife;Santiago del Teide;38040;28286;-168149;4
38690;Valle De Arriba;Santa Cruz de Tenerife;Santiago del Teide;38040;283;-167833;4
38690;El Retamar (Santiago Del Teide);Santa Cruz de Tenerife;Santiago del Teide;38040;282825;-167994;3
38690;Las Manchas (Santiago Del Teide);Santa Cruz de Tenerife;Santiago del Teide;38040;282825;-167994;3
38690;Arguayo;Santa Cruz de Tenerife;Santiago del Teide;38040;282683;-168071;4
38690;Santiago Del Teide;Santa Cruz de Tenerife;Santiago del Teide;38040;28294;-168162;4
38700;El Morro (Santa Cruz De La Palma);Santa Cruz de Tenerife;Santa Cruz de la Palma;38037;286835;-177642;4
38700;Santa Cruz De La Palma;Santa Cruz de Tenerife;Santa Cruz de la Palma;38037;286835;-177642;4
38710;Breña Alta;Santa Cruz de Tenerife;Breña Alta;38008;2865;-177833;4
38711;San Antonio De Breña;Santa Cruz de Tenerife;Breña Baja;38009;2865;-177667;4
38711;La Polvacera;Santa Cruz de Tenerife;Breña Baja;38009;286357;-177702;3
38712;Las Ledas;Santa Cruz de Tenerife;Breña Alta;38008;286418;-177869;4
38712;El Socorro;Santa Cruz de Tenerife;Breña Alta;38008;286576;-177701;3
38712;El Fuerte;Santa Cruz de Tenerife;Breña Alta;38008;286621;-177642;3
38712;San Jose De Breña Baja;Santa Cruz de Tenerife;Breña Alta;38008;286301;-177895;4
38712;Los Cancajos;Santa Cruz de Tenerife;Breña Alta;38008;286489;-177586;4
38712;Montaña La Breña;Santa Cruz de Tenerife;Breña Alta;38008;28693;-177716;3
38713;Los Alamos (Santa Cruz De La Palma);Santa Cruz de Tenerife;Breña Alta;38008;286701;-17788;3
38713;Belhoco;Santa Cruz de Tenerife;Breña Alta;38008;286701;-17788;3
38713;Las Nieves (Santa Cruz De La Palma);Santa Cruz de Tenerife;Breña Alta;38008;286701;-17788;3
38713;Las Tierritas;Santa Cruz de Tenerife;Breña Alta;38008;286701;-17788;3
38713;Barranco Del Rio;Santa Cruz de Tenerife;Breña Alta;38008;286701;-17788;3
38713;La Cuesta (Breña Alta);Santa Cruz de Tenerife;Breña Alta;38008;286701;-17788;3
38713;Botazo;Santa Cruz de Tenerife;Breña Alta;38008;286688;-177957;4
38713;Buenavista De Abajo;Santa Cruz de Tenerife;Breña Alta;38008;286685;-177805;4
38713;Buenavista De Arriba;Santa Cruz de Tenerife;Breña Alta;38008;28675;-177881;4
38714;San Bartolome (Puntallana);Santa Cruz de Tenerife;Puntallana;38030;286803;-177736;1
38714;Cercado Peñon (Puntallana);Santa Cruz de Tenerife;Puntallana;38030;286803;-177736;1
38714;La Galga (Puntallana);Santa Cruz de Tenerife;Puntallana;38030;286803;-177736;1
38714;Lomo Piñedo;Santa Cruz de Tenerife;Puntallana;38030;286803;-177736;1
38714;Llano Molino;Santa Cruz de Tenerife;Puntallana;38030;286803;-177736;1
38714;El Granel;Santa Cruz de Tenerife;Puntallana;38030;286803;-177736;1
38714;El Posito;Santa Cruz de Tenerife;Puntallana;38030;286803;-177736;1
38714;Lomo Estrecho;Santa Cruz de Tenerife;Puntallana;38030;286803;-177736;1
38714;Lomo El Corcho;Santa Cruz de Tenerife;Puntallana;38030;286803;-177736;1
38715;Lomadilla;Santa Cruz de Tenerife;Puntallana;38030;287333;-177333;3
38715;El Taboco;Santa Cruz de Tenerife;Puntallana;38030;287333;-177333;3
38715;Lomo De Los Gomeros;Santa Cruz de Tenerife;Puntallana;38030;287333;-177333;3
38715;Puntallana;Santa Cruz de Tenerife;Puntallana;38030;287333;-177333;4
38715;Candelaria (Santa Cruz De La Palma);Santa Cruz de Tenerife;Puntallana;38030;287333;-177333;3
38715;Las Toscas (Santa Cruz De La Palma);Santa Cruz de Tenerife;Puntallana;38030;287333;-177333;3
38715;La Camacha;Santa Cruz de Tenerife;Puntallana;38030;287333;-177333;3
38720;San Andres Y Sauces;Santa Cruz de Tenerife;San Andrés y Sauces;38033;288029;-177761;4
38726;Barlovento;Santa Cruz de Tenerife;Barlovento;38007;288279;-178045;4
38726;Lomo Machin;Santa Cruz de Tenerife;Barlovento;38007;288167;-178333;4
38726;Lomo Machin Alto;Santa Cruz de Tenerife;Barlovento;38007;288219;-178186;3
38726;Las Paredes;Santa Cruz de Tenerife;Barlovento;38007;288281;-177999;3
38727;Gallegos;Santa Cruz de Tenerife;Barlovento;38007;288252;-178402;4
38727;Topaciegas;Santa Cruz de Tenerife;Barlovento;38007;288246;-178036;3
38727;Lomo De Los Castros;Santa Cruz de Tenerife;Barlovento;38007;288246;-178036;3
38727;Cabezadas Bajas;Santa Cruz de Tenerife;Barlovento;38007;288246;-178036;3
38727;La Cuesta (Barlovento);Santa Cruz de Tenerife;Barlovento;38007;288271;-178038;4
38727;La Tosca (Barlovento);Santa Cruz de Tenerife;Barlovento;38007;288271;-178038;4
38727;Marantes;Santa Cruz de Tenerife;Barlovento;38007;288167;-177667;4
38727;La Palmita (Barlovento);Santa Cruz de Tenerife;Barlovento;38007;288271;-178038;4
38727;Lomo Quinto;Santa Cruz de Tenerife;Barlovento;38007;288082;-178034;3
38727;Oropesa;Santa Cruz de Tenerife;Barlovento;38007;288203;-177743;3
38727;Lomo Romero;Santa Cruz de Tenerife;Barlovento;38007;288177;-177843;3
38728;Roque Faro;Santa Cruz de Tenerife;Garafía;38016;288183;-178008;1
38729;Verada De Lomadas;Santa Cruz de Tenerife;San Andrés y Sauces;38033;287951;-177758;3
38729;Llano Del Pino;Santa Cruz de Tenerife;San Andrés y Sauces;38033;287951;-177758;3
38729;El Roque (San Andres Y Sauces);Santa Cruz de Tenerife;San Andrés y Sauces;38033;287951;-177758;3
38729;San Andres De La Palma;Santa Cruz de Tenerife;San Andrés y Sauces;38033;287951;-177758;3
38729;Quinta Zoca;Santa Cruz de Tenerife;San Andrés y Sauces;38033;288088;-177652;3
38729;Bermudez;Santa Cruz de Tenerife;San Andrés y Sauces;38033;287951;-177758;4
38729;La Fuente Nueva;Santa Cruz de Tenerife;San Andrés y Sauces;38033;287951;-177758;3
38729;Verada De Bajamar;Santa Cruz de Tenerife;San Andrés y Sauces;38033;287951;-177758;3
38729;Ramirez;Santa Cruz de Tenerife;San Andrés y Sauces;38033;287951;-177758;3
38729;San Juan (San Andres Y Sauces);Santa Cruz de Tenerife;San Andrés y Sauces;38033;287951;-177758;3
38730;Mazo;Santa Cruz de Tenerife;Villa de Mazo;38053;286091;-17778;4
38738;San Simon;Santa Cruz de Tenerife;Villa de Mazo;38053;285952;-177729;4
38738;La Sabina (Mazo);Santa Cruz de Tenerife;Villa de Mazo;38053;285763;-177773;3
38738;Aeropuerto De La Palma;Santa Cruz de Tenerife;Villa de Mazo;38053;285763;-177773;3
38738;Tigalate Abajo;Santa Cruz de Tenerife;Villa de Mazo;38053;285763;-177773;3
38738;Monte De Luna;Santa Cruz de Tenerife;Villa de Mazo;38053;285763;-177773;3
38738;Callejones De Abajo;Santa Cruz de Tenerife;Villa de Mazo;38053;285763;-177773;3
38738;Lomo Oscuro;Santa Cruz de Tenerife;Villa de Mazo;38053;285846;-177768;4
38738;Malpaises;Santa Cruz de Tenerife;Villa de Mazo;38053;285667;-177667;4
38738;Tiguerorte;Santa Cruz de Tenerife;Villa de Mazo;38053;285594;-177928;4
38739;Lodero;Santa Cruz de Tenerife;Villa de Mazo;38053;286173;-177684;4
38739;La Rosa (Mazo);Santa Cruz de Tenerife;Villa de Mazo;38053;286091;-17778;4
38739;Monte Pueblo;Santa Cruz de Tenerife;Villa de Mazo;38053;286123;-177724;3
38739;Monte Breñas;Santa Cruz de Tenerife;Villa de Mazo;38053;286123;-177724;3
38739;El Poleal;Santa Cruz de Tenerife;Villa de Mazo;38053;286123;-177724;3
38740;Fuencaliente;Santa Cruz de Tenerife;Fuencaliente de la Palma;38014;284924;-178453;4
38749;Los Quemados (Fuencaliente);Santa Cruz de Tenerife;Fuencaliente de la Palma;38014;285093;-178555;3
38749;El Charco;Santa Cruz de Tenerife;Fuencaliente de la Palma;38014;285344;-178661;4
38749;Las Caletas (Fuencalite);Santa Cruz de Tenerife;Fuencaliente de la Palma;38014;285093;-178555;3
38749;Las Indias;Santa Cruz de Tenerife;Fuencaliente de la Palma;38014;285026;-1786;4
38750;El Paso;Santa Cruz de Tenerife;Paso, El;38027;286522;-1788;4
38758;Tacande De Arriba (El Paso);Santa Cruz de Tenerife;Paso, El;38027;286501;-178827;4
38758;La Rosa (El Paso);Santa Cruz de Tenerife;Paso, El;38027;286501;-178827;4
38758;Barrial De Enmedio;Santa Cruz de Tenerife;Paso, El;38027;286501;-178827;3
38758;Barrial De Arriba;Santa Cruz de Tenerife;Paso, El;38027;286501;-178827;3
38758;Barrial De Abajo;Santa Cruz de Tenerife;Paso, El;38027;286501;-178827;3
38759;Cuatro Caminos (Llanos);Santa Cruz de Tenerife;Llanos de Aridane, Los;38024;286577;-17883;4
38759;El Paraiso;Santa Cruz de Tenerife;Llanos de Aridane, Los;38024;286513;-178828;3
38759;Paso De Abajo;Santa Cruz de Tenerife;Llanos de Aridane, Los;38024;286513;-178828;3
38759;Manchas De Abajo;Santa Cruz de Tenerife;Llanos de Aridane, Los;38024;286513;-178828;3
38759;Jedey (El Paso);Santa Cruz de Tenerife;Llanos de Aridane, Los;38024;286501;-178827;4
38759;San Nicolas (El Paso);Santa Cruz de Tenerife;Llanos de Aridane, Los;38024;286501;-178827;4
38759;Las Manchas (El Paso);Santa Cruz de Tenerife;Llanos de Aridane, Los;38024;286501;-178827;4
38759;Malpais (El Paso);Santa Cruz de Tenerife;Llanos de Aridane, Los;38024;286501;-178827;4
38759;Tacande Abajo (El Paso);Santa Cruz de Tenerife;Llanos de Aridane, Los;38024;286501;-178827;4
38760;Retamar (Los Llanos);Santa Cruz de Tenerife;Llanos de Aridane, Los;38024;286585;-179182;4
38760;Llanos De Aridane;Santa Cruz de Tenerife;Llanos de Aridane, Los;38024;286585;-179182;4
38760;Argual;Santa Cruz de Tenerife;Llanos de Aridane, Los;38024;286592;-179208;4
38767;Triana;Santa Cruz de Tenerife;Llanos de Aridane, Los;38024;286509;-179108;4
38767;Las Rosas (Los Llanos);Santa Cruz de Tenerife;Llanos de Aridane, Los;38024;286473;-179109;3
38768;Hermosilla;Santa Cruz de Tenerife;Llanos de Aridane, Los;38024;286345;-179114;1
38768;Los Pedregales (Los Llanos De Aridane);Santa Cruz de Tenerife;Llanos de Aridane, Los;38024;286345;-179114;1
38768;Los Barros (Los Llanos De Aridane);Santa Cruz de Tenerife;Llanos de Aridane, Los;38024;286345;-179114;1
38769;La Condesa;Santa Cruz de Tenerife;Llanos de Aridane, Los;38024;286091;-179053;3
38769;El Pedregal;Santa Cruz de Tenerife;Llanos de Aridane, Los;38024;286091;-179053;3
38769;Puerto De Naos;Santa Cruz de Tenerife;Llanos de Aridane, Los;38024;285863;-179097;4
38769;Casa De La Bombilla;Santa Cruz de Tenerife;Llanos de Aridane, Los;38024;286091;-179053;3
38769;Tajuya;Santa Cruz de Tenerife;Llanos de Aridane, Los;38024;286349;-178891;4
38769;El Remo;Santa Cruz de Tenerife;Llanos de Aridane, Los;38024;28554;-178889;3
38769;Todoque;Santa Cruz de Tenerife;Llanos de Aridane, Los;38024;286182;-179014;4
38769;Dos Pinos;Santa Cruz de Tenerife;Llanos de Aridane, Los;38024;286474;-178984;3
38770;Tazacorte;Santa Cruz de Tenerife;Tazacorte;38045;286434;-179329;4
38779;La Costa (Tazacorte);Santa Cruz de Tenerife;Tazacorte;38045;286419;-179339;4
38779;Marina;Santa Cruz de Tenerife;Tazacorte;38045;28637;-179229;3
38779;San Borondon;Santa Cruz de Tenerife;Tazacorte;38045;286342;-179318;4
38779;El Puerto De Tazacorte;Santa Cruz de Tenerife;Tazacorte;38045;286381;-179329;3
38780;Aguatavar;Santa Cruz de Tenerife;Tijarafe;38047;286958;-179495;3
38780;Bellido;Santa Cruz de Tenerife;Tijarafe;38047;286958;-179495;3
38780;Tinizara;Santa Cruz de Tenerife;Tijarafe;38047;286958;-179495;3
38780;El Jesus;Santa Cruz de Tenerife;Tijarafe;38047;286958;-179495;3
38780;Tijarafe;Santa Cruz de Tenerife;Tijarafe;38047;287;-1795;4
38780;El Pueblo (Tijarafe);Santa Cruz de Tenerife;Tijarafe;38047;287;-1795;4
38780;La Punta (Tijarafe);Santa Cruz de Tenerife;Tijarafe;38047;287;-1795;4
38780;Arecida;Santa Cruz de Tenerife;Tijarafe;38047;286832;-179481;4
38780;Amagar;Santa Cruz de Tenerife;Tijarafe;38047;286701;-179332;3
38787;Garafia;Santa Cruz de Tenerife;Garafía;38016;288167;-179333;4
38788;Llano Negro;Santa Cruz de Tenerife;Garafía;38016;288069;-179265;1
38788;Hoya Grande (Garafia);Santa Cruz de Tenerife;Garafía;38016;287383;-179574;1
38788;Las Tricias;Santa Cruz de Tenerife;Garafía;38016;287818;-179645;1
38788;Cueva Del Agua;Santa Cruz de Tenerife;Garafía;38016;287383;-179574;1
38788;El Castillo (Garafia);Santa Cruz de Tenerife;Garafía;38016;287383;-179574;1
38789;Fagundo;Santa Cruz de Tenerife;Tijarafe;38047;287689;-17976;3
38789;El Roque (Puntagorda);Santa Cruz de Tenerife;Tijarafe;38047;287689;-17976;4
38789;El Pinar (Puntagorda);Santa Cruz de Tenerife;Tijarafe;38047;287689;-17976;4
38789;Puntagorda;Santa Cruz de Tenerife;Tijarafe;38047;287652;-179795;4
38800;San Sebastian Gomera;Santa Cruz de Tenerife;San Sebastián de la Gomera;38036;280916;-171133;4
38801;San Antonio Y Pilar;Santa Cruz de Tenerife;San Sebastián de la Gomera;38036;281086;-171583;3
38801;Inchereda;Santa Cruz de Tenerife;San Sebastián de la Gomera;38036;281167;-171167;4
38801;El Atajo;Santa Cruz de Tenerife;San Sebastián de la Gomera;38036;281173;-171593;3
38801;El Jorado;Santa Cruz de Tenerife;San Sebastián de la Gomera;38036;281134;-171581;3
38801;El Molinito;Santa Cruz de Tenerife;San Sebastián de la Gomera;38036;281058;-171293;3
38801;La Laja;Santa Cruz de Tenerife;San Sebastián de la Gomera;38036;281107;-171898;4
38801;Lomito Fragoso Y Honduras;Santa Cruz de Tenerife;San Sebastián de la Gomera;38036;281;-171667;4
38801;Chejelipes;Santa Cruz de Tenerife;San Sebastián de la Gomera;38036;281086;-171583;3
38810;Santiago, De (Playa);Santa Cruz de Tenerife;Alajeró;38003;280747;-17226;1
38811;Vegaipala;Santa Cruz de Tenerife;Alajeró;38003;280885;-172108;3
38811;Barranco De Santiago;Santa Cruz de Tenerife;Alajeró;38003;280885;-172108;3
38811;Ayamosna;Santa Cruz de Tenerife;Alajeró;38003;280885;-172108;3
38811;Pastrana;Santa Cruz de Tenerife;Alajeró;38003;280885;-172108;3
38811;Tapahuga;Santa Cruz de Tenerife;Alajeró;38003;280885;-172108;3
38811;Tejiade;Santa Cruz de Tenerife;Alajeró;38003;280885;-172108;3
38811;Las Toscas;Santa Cruz de Tenerife;Alajeró;38003;280885;-172108;3
38811;Tecina;Santa Cruz de Tenerife;Alajeró;38003;280363;-171927;3
38811;Laguna De Santiago;Santa Cruz de Tenerife;Alajeró;38003;280885;-172108;3
38811;Benchijigua;Santa Cruz de Tenerife;Alajeró;38003;280919;-172183;4
38811;Jerduñe;Santa Cruz de Tenerife;Alajeró;38003;280912;-17194;4
38811;Lo Del Gato;Santa Cruz de Tenerife;Alajeró;38003;280823;-1722;4
38812;Almacigos;Santa Cruz de Tenerife;Alajeró;38003;280542;-172488;3
38812;Arguayoda;Santa Cruz de Tenerife;Alajeró;38003;280542;-172488;3
38812;Guarimiar;Santa Cruz de Tenerife;Alajeró;38003;280542;-172488;3
38812;Alajero;Santa Cruz de Tenerife;Alajeró;38003;280621;-172407;4
38812;Quise;Santa Cruz de Tenerife;Alajeró;38003;280463;-172569;4
38812;Imada;Santa Cruz de Tenerife;Alajeró;38003;280858;-172411;3
38813;Antoncojo;Santa Cruz de Tenerife;Alajeró;38003;280747;-17226;1
38813;Targa;Santa Cruz de Tenerife;Alajeró;38003;280747;-17226;1
38820;Callejon De Ordaiz;Santa Cruz de Tenerife;Hermigua;38021;281677;-171905;3
38820;El Curato;Santa Cruz de Tenerife;Hermigua;38021;281636;-171984;3
38820;Llano Campos;Santa Cruz de Tenerife;Hermigua;38021;281707;-171855;3
38820;El Tabaibal;Santa Cruz de Tenerife;Hermigua;38021;28176;-17187;3
38820;Piedra Romana;Santa Cruz de Tenerife;Hermigua;38021;281709;-17194;3
38820;Palmarejo;Santa Cruz de Tenerife;Hermigua;38021;281723;-171888;3
38820;Las Nuevitas;Santa Cruz de Tenerife;Hermigua;38021;281673;-171898;3
38820;Hermigua;Santa Cruz de Tenerife;Hermigua;38021;281677;-171905;4
38829;Ibo Alfaro;Santa Cruz de Tenerife;Hermigua;38021;281677;-171905;3
38829;Monteforte;Santa Cruz de Tenerife;Hermigua;38021;281483;-172031;3
38829;Las Poyatas;Santa Cruz de Tenerife;Hermigua;38021;281553;-171947;3
38829;Hoyetas;Santa Cruz de Tenerife;Hermigua;38021;281677;-171905;3
38829;Corralete;Santa Cruz de Tenerife;Hermigua;38021;281677;-171905;3
38829;Estanquillo;Santa Cruz de Tenerife;Hermigua;38021;281677;-171905;3
38829;Las Casas (Hermigua);Santa Cruz de Tenerife;Hermigua;38021;281677;-171905;4
38829;Las Cabezadas (Hermigua);Santa Cruz de Tenerife;Hermigua;38021;281677;-171905;4
38830;Lepe;Santa Cruz de Tenerife;Agulo;38002;281862;-17186;3
38830;Agulo;Santa Cruz de Tenerife;Agulo;38002;281886;-17195;4
38840;Vallehermoso;Santa Cruz de Tenerife;Vallehermoso;38050;2818;-172661;4
38849;Los Bellos;Santa Cruz de Tenerife;Vallehermoso;38050;281696;-172736;3
38849;La Quilla;Santa Cruz de Tenerife;Vallehermoso;38050;281691;-172776;3
38849;Los Loros;Santa Cruz de Tenerife;Vallehermoso;38050;281573;-172672;3
38849;Macayo;Santa Cruz de Tenerife;Vallehermoso;38050;281676;-172754;3
38849;Banda De Las Rosas;Santa Cruz de Tenerife;Vallehermoso;38050;281538;-172712;4
38849;Rosa De Las Piedras;Santa Cruz de Tenerife;Vallehermoso;38050;281538;-172712;3
38849;Los Chapines;Santa Cruz de Tenerife;Vallehermoso;38050;281538;-172712;3
38850;Arguamul;Santa Cruz de Tenerife;Vallehermoso;38050;28197;-172957;4
38852;Tazo;Santa Cruz de Tenerife;Valle Gran Rey;38049;281495;-1733;3
38852;Epina;Santa Cruz de Tenerife;Valle Gran Rey;38049;281647;-173011;3
38852;Taguluche;Santa Cruz de Tenerife;Valle Gran Rey;38049;281364;-17335;4
38852;Alojera;Santa Cruz de Tenerife;Valle Gran Rey;38049;281638;-17333;4
38860;La Rajita;Santa Cruz de Tenerife;Vallehermoso;38050;2805;-172833;4
38869;Igualero;Santa Cruz de Tenerife;Vallehermoso;38050;280993;-172539;4
38869;La Dama;Santa Cruz de Tenerife;Vallehermoso;38050;280547;-173008;3
38869;Erque;Santa Cruz de Tenerife;Vallehermoso;38050;281003;-172528;4
38869;El Cercado (Vallehermoso);Santa Cruz de Tenerife;Vallehermoso;38050;280924;-172614;3
38869;Chipude (Vallehermoso);Santa Cruz de Tenerife;Vallehermoso;38050;280924;-172614;3
38869;Temocoda;Santa Cruz de Tenerife;Vallehermoso;38050;280924;-172614;3
38869;Pavon;Santa Cruz de Tenerife;Vallehermoso;38050;280924;-172614;3
38869;Erquito;Santa Cruz de Tenerife;Vallehermoso;38050;280924;-172614;3
38870;Borbalan;Santa Cruz de Tenerife;Valle Gran Rey;38049;280898;-173332;3
38870;Valle Gran Rey;Santa Cruz de Tenerife;Valle Gran Rey;38049;280898;-173332;3
38870;La Puntilla;Santa Cruz de Tenerife;Valle Gran Rey;38049;280884;-173388;3
38870;Vueltas;Santa Cruz de Tenerife;Valle Gran Rey;38049;280834;-173339;4
38870;La Calera;Santa Cruz de Tenerife;Valle Gran Rey;38049;280959;-173352;4
38879;El Guro;Santa Cruz de Tenerife;Valle Gran Rey;38049;281074;-173265;1
38879;El Retamal;Santa Cruz de Tenerife;Valle Gran Rey;38049;281175;-173114;1
38879;Chele;Santa Cruz de Tenerife;Valle Gran Rey;38049;281088;-173185;1
38879;Los Granados;Santa Cruz de Tenerife;Valle Gran Rey;38049;281113;-173185;1
38879;Casa De La Seda;Santa Cruz de Tenerife;Valle Gran Rey;38049;280898;-173332;1
38879;La Vizcaina (Valle Gran Rey);Santa Cruz de Tenerife;Valle Gran Rey;38049;280898;-173332;1
38879;Lomo Del Balo (Valle Gran Rey);Santa Cruz de Tenerife;Valle Gran Rey;38049;280898;-173332;1
38879;Lomo Del Moral;Santa Cruz de Tenerife;Valle Gran Rey;38049;280898;-173332;1
38879;Los Descansaderos;Santa Cruz de Tenerife;Valle Gran Rey;38049;280898;-173332;1
38879;El Hornillo (Valle Gran Rey);Santa Cruz de Tenerife;Valle Gran Rey;38049;280898;-173332;1
38890;Cruz Del Tierno;Santa Cruz de Tenerife;Agulo;38002;28145;-172274;3
38890;La Vega (Agulo);Santa Cruz de Tenerife;Agulo;38002;28145;-172274;3
38890;La Palmita (Agulo);Santa Cruz de Tenerife;Agulo;38002;28145;-172274;3
38890;Pajar De Bento;Santa Cruz de Tenerife;Agulo;38002;28145;-172274;3
38890;Serpa;Santa Cruz de Tenerife;Agulo;38002;28145;-172274;3
38890;Las Rosas (Agulo);Santa Cruz de Tenerife;Agulo;38002;28145;-172274;3
38890;Los Aceviños;Santa Cruz de Tenerife;Agulo;38002;28145;-172274;4
38891;Valle Abajo;Santa Cruz de Tenerife;Vallehermoso;38050;281382;-172879;1
38891;Tamargada;Santa Cruz de Tenerife;Vallehermoso;38050;281857;-172386;1
38892;Las Hayas;Santa Cruz de Tenerife;Valle Gran Rey;38049;281287;-172917;3
38892;Arure;Santa Cruz de Tenerife;Valle Gran Rey;38049;28135;-17319;4
38892;Acardece;Santa Cruz de Tenerife;Valle Gran Rey;38049;281396;-173122;4
38900;Valverde Del Hierro;Santa Cruz de Tenerife;Valverde;38048;277614;-179722;1
38910;Caleta, De La (Playa);Santa Cruz de Tenerife;Valverde;38048;278028;-178973;3
38910;Tamaduste;Santa Cruz de Tenerife;Valverde;38048;278249;-178958;4
38910;Temijiraque;Santa Cruz de Tenerife;Valverde;38048;277668;-179139;3
38910;Puerto De La Estaca;Santa Cruz de Tenerife;Valverde;38048;277833;-179;4
38910;Aeropuerto De Hierro;Santa Cruz de Tenerife;Valverde;38048;278028;-178973;3
38911;Los Mocanes;Santa Cruz de Tenerife;Frontera;38013;277608;-180045;4
38911;Frontera;Santa Cruz de Tenerife;Frontera;38013;27757;-180054;4
38911;Luchon;Santa Cruz de Tenerife;Frontera;38013;277574;-180041;3
38911;Las Puntas (V. Hierro);Santa Cruz de Tenerife;Frontera;38013;277574;-180041;3
38912;Sabinosa;Santa Cruz de Tenerife;Frontera;38013;277474;-180969;4
38913;Tigaday;Santa Cruz de Tenerife;Frontera;38013;277513;-180208;4
38914;Taibique;Santa Cruz de Tenerife;El Pinar de El Hierro;38901;277045;-1798;4
38914;Las Casas;Santa Cruz de Tenerife;El Pinar de El Hierro;38901;277133;-179759;4
38914;El Pinar (V. Hierro);Santa Cruz de Tenerife;El Pinar de El Hierro;38901;277091;-179785;3
38915;Isora;Santa Cruz de Tenerife;Valverde;38048;277504;-179476;4
38915;Tiñor;Santa Cruz de Tenerife;Valverde;38048;277891;-17932;4
38915;San Andres (V. Hierro);Santa Cruz de Tenerife;Valverde;38048;277678;-179397;3
38916;Mocanal;Santa Cruz de Tenerife;Valverde;38048;278202;-179426;4
38916;Erese;Santa Cruz de Tenerife;Valverde;38048;278125;-179631;4
38916;Guarazoca;Santa Cruz de Tenerife;Valverde;38048;278093;-179733;4
38917;La Restinga;Santa Cruz de Tenerife;El Pinar de El Hierro;38901;276417;-179812;4
